Question,Cosine Similarity
What are signs and study findings that would indicate follicular lymphoma has transformed to diffuse large B-cell lymphoma?,0.3215843052935362
A patient with a history of heart failure now presents with newly diagnosed metastatic HER2+ breast cancer. What is her recommended first line of treatment and what additional information should be discussed with the patient given her history of heart failure?,0.5525650671243962
What does research currently say regarding the use of cryotherapy to prevent peripheral neuropathy in patients receiving paclitaxel?,0.46099542971140123
"A patient with Ewing sarcoma of the femur is due for restaging scans while on VDC/IE after undergoing surgery which included the placement of hardware. Should the clinician order a CT, MRI, PET/CT or a combination of these scans? What patient factors may influence the clinician's decision?",0.5310291111175851
In which cases would be considered appropiate to treat an acute appendicitis with just antibiotic treatment?,0.21628154052901236
What is the prognosis of a case of triple negative ductal breast carcinoma?,0.43104881040329524
What are the possible therapeutic options for a inguinal hernia and which one has the best prognosis?,0.5017749936155997
What would be the ideal diet recommendations for a 53 year old male with acute renal failure and hepatic failure?,0.2987861312473739
"What are the possible causes of a 7 days old newborn with yellowish color, seizures and altered mental status?",0.5192593410314773
What are the main signs of Langerhans cell histiocytosis in children?,0.2048874198989918
What's the part of the brain related with short term memory?,0.4401581284893566
According to Freud what is called the most primitive part of the brain?,0.5019982587950269
Name 3 types of therapies for a patient.,0.0680081481019581
"A girl does not go on her periods for a month and is complaining that she feels tired most of the time and gets dizzy, Just recently she started vomiting especially in the morning. What do her symptoms suggest?",0.1393973606444248
What is a bacteria?,0.06883138765761733
A child was brought into the hospital and she was having a high fever and showing signs of boils on her mouth. What would be the first step in identifying the type of bacteria that is responsible for boils?,0.6009758286402702
What diseases are caused by pathogenic bacteria?,0.40754205504498703
Which type of hearing loss do you expect an ex miner to have?,0.46006925979911395
Can patients with unilateral hearing loss benefit from cochlear implant?,0.39563477022103904
A 3 month old baby was seen by an Audiologist.mom reported that he’s been pulling his ear a lot. The Audiologist did tympanommetry and got type B typos. What’s likely to be the problem?,0.35886833744515817
"With blood having different types of cells, why do you think blood is red?",0.3621060318183602
"In an emergency room, 3 people are wheeled in, in different states or conditions, one being hit on the head with a glass bottle, one with a bone sticking out of their leg and the other with a abnormally high temperature. According to the emergency scale, who will be first priority?",0.3877902889893064
"In every health facility there are certain health standards that need to be maintained, one being putting people first before your needs. A patient walks in as you are about to go on a lunch break, and complains about waiting over 5 hours to be attended to and feels their sugar levels(as a Diabetic) has dropped significantly and feels nauseous. What do you as a health worker do?",0.26167388229251254
What is the most important factors for Nurses in Intensive care unit to deliver proper care?,0.376467269458827
If we update our curriculum for the intensive care unit nurses will it benefit for us?,0.3445237658938323
What is your opinion for Advanced Nurses Practitioner In ICU?,0.12558650927362622
How does a COVID infection relate to anxiety and depression in previously healthy individuals?,0.44026942818880344
A patient with a retinal degeneration disease you've been treating for years approaches you after a sudden increase inquiring about regenerative medicine techniques being performed in Japan and asks if he can be treated with that therapy. What are the first steps to determining if that's a realistic possibility for the patient?,0.26563226636807696
"A 55 year old male patient describes the sudden appearance of a slight tremor and having noticed his handwriting getting smaller, what are the possible ways you'd find a diagnosis? ",0.1688932979690015
"Imagine a young man who frequently experiences extreme fatigue, joint pain, and a persistent butterfly-shaped rash across his face. He also notices recurrent mouth ulcers and sensitivity to sunlight. What is the most guiding symptom of a Lupus as a diagnose?",0.18096162319174924
What findings could be appear on the RxTx of the previous patient?,0.36115600622928196
"While administering tests for management of sarcoidosis, If immunoglobulins are negative, what differential diagnoses would you propose?",0.3480304929388546
"HIV is highly prevalent in Africa, suppose there are more black people in Africa compared to other ethnic groups, could this be genetic disposition?",0.33536142477738046
What is the sexually transmitted disease HPV?,0.2860272055758841
"If a patient comes to the clinic after obtaining a positive result in a PCR test for HPV-16, what would be the recommendations?",0.34864375499942873
"If a patient comes to the office for genital warts, what would be the treatment that would be given?",0.4955974986100096
"Is ""Ethics Dumping"" still a common practice in less developed countries? ",0.2780574533558327
"Imagine a world without Bioethics in Clinical Research, what would be the role of the human being in this scenario?",0.41357276605389365
What are the most encountered barriers in clinical research related to Bioethics?,0.40939525883617534
What herbal drugs are licensed for SARS-CoV-2 treatment?,0.3005195107994937
Provide research sources of in vitro analysis of antiviral abilities of Nigerian herbs against sars cov 2.,0.10963412282569443
Protein Load is know to inhibit the antiviral ability of chlorous acid. Why does bovine serum albumin enhance it's antiviral effect in vitro? ,0.5158949232751047
What is the treatment for patients with bacterial tonsillitis who are allergic to penicillin?,0.4551805876381291
What sign is observed in the barium esophagram in patients with achalasia?,0.5946610276417224
What are the cardinal symptoms of laryngotracheitis?,0.42703395672105315
What is the contraception method of election when a woman can't take estrogen?,0.25214295388487357
"A 6-month-old patient is taken to consult by his mother, who reports delayed growth in her son, as well as changes in the dentition, recurrent vomiting, uncoordinated movements, and difficult-to-control seizures. On physical examination, she is noted to have seborrheic skin, microcephaly, and a promiscuous jaw. Based on the clinical data presented by the patient, what syndrome does the patient present?",0.32194816818609007
"A 38-year-old woman who was traveling standing on a bus, supported by a vertical tube, when the bus hits head-on, she is projected forward without letting go of the tube, causing abduction and lateral rotation of the right shoulder. She presents very intense pain in the shoulder, with functional disability of the extremity. She is taken to the emergency department 1.5 hours after the accident, with his right arm next to her body, holding her forearm with his left hand. She is given immediate treatment and is immobilized for 3 weeks. Based on the mechanism of injury, the probable diagnosis in this patient is:",0.18740046896179838
"During a squat, if the knees fall inwards which muscle are weak?",0.3063693395348399
If a patient's X ray has dark spots on the chest what does it mean?,0.15451943025479115
Describe treatment methods of congenital Talipes equinovarus.,0.15370848010482047
What are the most common injuries in childhood among Hispanic families?,0.4049405403383554
A 60 years old woman comes to the office asking for pain medication. She has a history of opioid addiction and uncontrolled high blood pressure. Under what circumstances I should referred her to the hospital? ,0.2301480590985241
"A 27 year old male comes to the office after finding an insect inside of his left ear canal. Legs are visible and it is alive, every time it moves it provokes pain to the patient. How should I remove the insect without harming my patient or the eardrum?",0.6434968181582575
How much tumor free margin should be left in a melanoma more than 6mm deep?,0.3656926106500713
What is the treatment of choice for a basal cell carcinoma located at the palpebral margin of the eye?,0.5867484497733746
"Suppose a 22 year old patient comes to the clinic with microcalcifications in both breasts, with family members diagnosed with breast cancer, at what age should a mastography be started?",0.3077223876831209
What kind of advice can I give to a parent with a child with vocal nodules?,0.16953387775628115
What classroom strategies are there for DLD?,0.2970288646822185
What kind of advice can I give to a parent with a child with ADHD and a speech disorder?,0.4448146411958586
What is the diagnostic criteria for Anorexia Nervosa?,0.5137989970885813
What is the evidence base for CBT for depression?,0.267132538997155
"If you were supervising a clinical team, how would you work with a team member who was defensive about feedback?",0.43070504070123333
What is the condition that is associated with Carhartt’s Notch?,0.22556126142006314
What are the two types of hearing loss?,0.6994210369478147
A patient is suffering from vertigo and tinnitus. What would you advice them to do to alleviate the symptoms?,0.29978866915739755
Is there any difference in time of threatment of patients COVID+ who were using pulmonary rehabilitation and those who did not?,0.32264056634496385
Imagine you have a patient after hip surgery (14days passed) write me a rehabilitation plan for this patient.,0.3127197582534749
What is the treatment for blood vessel clogging?,0.4001748849713045
What do you think the future of image guided therapy is?,0.28784559791220415
How can AI better support image guided therapy procedures? What could be the approach or use of AI of heart treatment?,0.40245344765618074
What is the first step to do in a patient with a VF?,0.40708163908662653
Which surgery would be the best option for a patient with central stenosis that epidural injections failed?,0.36321118672083996
How to treat a patient with 80% of his body with 3rd grade burnings?,0.33069489119851114
A patient is allergic to the only medication suitable for curing them. What do you do?,0.39592592489567235
Do toxic chemicals become more or less toxic when they expire?,0.4570926205737901
What is the interaction between Anaerobyl and Alcohol on the human system?,0.2696099492505313
"New born to term. At minute 1, heart rate: 120 beats per minute, vigorous crying, pink color, limbs with good tone, slight expiratory groan. What APGAR score does this patient have?",0.3027744822334644
"7-year-old female, fever 38.2, cough with sputum, tonsillar hypertrophy, cervical adenopathies. Mention the best handling for this patient.",0.048690725535104284
Mention the clinical importance of the  tricarboxylic acid cycle and why medical students need to study it.,0.6403388560830229
"If the patient shows multiple symptoms indicating 3 diseases, how do we closely determine and eradicate the diseases?",0.4544581774093881
How can we reduce patient surgery backlog in Canada?,0.31590393658527544
"If a patient is allergic to a medicinal ingredient that is the only cure for their disease, how can we ensure patient safety during diagnosis and treatment?",0.6135524331435982
Is it possible to compound intrathecal methotrexat?,0.27830421310056214
"Suppose there is a 3 years old patient with asthma crisis management, history of severe asthma crisis. Is it recomended for them to be hospitalized?",0.18062726645284666
What's the best treatment option for an asthma crisis on a pediatric patient?,0.29811489760119936
"Suppose there is a 12 year old with suicide attempted, is it recommendable to do a psychiatrist intervention?",0.2575348453469043
Imagine we have a Patient Reported Outcome questionnaire that measures quality of life and has 3 different dimensions. What would be the best approach to analyzing the item adequacy of this instrument?,0.4468226914802771
Imagine we have a patient with a diagnosis of severe depression. What would be the best combination of treatments that could improve his mental health status?,0.23001726987165919
How the 3rd generation therapies in psychology an improvement compared to the previous ones?,0.3391821718219382
"56 year old, male patient, rushed to the ER for presenting symptoms such as: tachycardia, diaphoresis, dyspnea, and a strong pain on his chest that irradiates to his chin and left arm. What is the most likely diagnosis and what tests are essential for this patient?",0.36400787124280576
Which drug for cardiac insufficiency is contraindicated in a patient that has kidney failure? ,0.2565484373687972
"67 year old male, refers to present chest pain and dyspnea that appears when he walks 2 or 3 blocks, he has had this symptoms for 3 weeks so far, he has diabetes type 2 that was diagnosed 15 years ago and uses insulin to treat it, but does not follow his schedule and takes it whenever he remembers to, also had AIM 3 years ago. What is the diagnosis for this patient and mention 3 differential diagnosis?",0.2512466324514364
What legislation underpins assessment of children with disabilities for social care support?,0.6314696382219961
How should I engage with a non-verbal child to gather their views?,0.13853858241813874
Should buyers of antibiotics also be recommended protective drugs containing bacterial cultures?,0.4840805894374794
Should expectorant or antitussive syrup be recommended for a wet cough?,0.25287870432016923
What can severe pain in the right side of the belly button indicate?,0.5181721479375296
Sickle cells are characteristic from which kind of disease?,0.495974089778412
"Patient with high level of glucose in fasting conditions but after the screening test does not show increased level of it, could they be considered diabetic?",0.34641160208476773
How can we treat infection caused by Neisseria gonorrhoeae?,0.3682284056900544
"Thinking that we want to design an experiment with 3 groups, in which we observe significant differences, what would be the appropriate number of animals that we need to use?",0.39083913323394137
"In your experience, what are the most appropriate treatments for a patient with sciatic nerve injury?",0.3355927228329724
What is your opinion on the spontaneous regeneration of axons in the peripheral nervous system?,0.6837262095893883
Indicate the correct dosage range of ibuprofen for a child of age 9 and 32 kilos.,0.28585001963591117
"A patient has prescribed losartan and bisoprolol to treat their hypertension, however, they have developed an allergy to one of the excipients of bisoprolol. What is the correct course of action to take by the pharmacist?",0.5044849186538742
Design an algorithm of hypertension drugs to help the clinician make the best medication choice according to the patient and their health characteristics.,0.24737261277168196
"A counselor has a client who has come to counseling to process a particularly difficult relationship breakdown.  After numerous sessions the counsellor realises that they are counselling both people involved in the relationship breakup, thus there is a conflict of interest. What does the counselor do?",0.3002385285673892
What are the common approaches to coping with periods of acute dis-regulation?,0.22318646389891375
"A client who has a feeling that they have been abused in childhood, has no real memory of the abuse and struggles with emotional dis-regulation in adulthood, cannot form lasting bonds with people, is of a dissorganised attachment style, has come to therapy to work on understanding the abuse they may have experienced in childhood with the hope that this will make them better. What are the steps a therapist must take in providing a secure and safe environment for the client to begin to address their trauma?",0.6221972065581713
Teach me PCR in three sentences.,0.04995759242607361
"The prevalence of malaria in Africa is tied to its disease vector control, what are the possible potential options that can be explored in the eradication of malaria in Africa?",0.5275868673579722
"I am a new intern in the blood transfusion laboratory, please write a standard SOP for me for preparing a fresh frozen plasma.",0.03299125272246431
Should we inform patients that homeopathic medicines don't work?,0.08495749351847699
Why we do not check exact ingredients of dietary supplements?,0.40113306063127674
Patient comes everyday and buys OTC medicine with an ingredient that is addictive. What can I do?,0.44091186285741135
When would you start antibiotic in a acute pharingitis?,0.2269366942273875
What is the first radiological sign of fetal death?,0.5540132717258315
What is the initial treatment for anal fissures?,0.40450822977859274
"A patient who is a smoker has a lesion on his mouth that causes pain, could it be a carcinoma?",0.40740643305904956
What is the best anesthesia for diabetic patients?,0.28218066422197136
How does smoking affect periodontal disease?,0.564801572147253
How can a clinician confirm that a patient with a headache has subarachnoid hemorrhage ?,0.2361527640779226
When does a chronic lympocytic leukemia transform to a diffuse large b cell lymphoma?,0.13792236045067222
A 30 year old primigravid pregnant woman walks into the clinic complaining of intense contractions that last. How can a physician differentiate between true onset of labour and braxton hicks contractions?,0.3839195056222581
What are the most common translocations associated with chronic myeloid leukemia? ,0.594307349358903
My child has been having easy bruising and fatigue for the past 6 months. Recently his labs came back and his total lymphocyte count was elevated. The diagnosis given to me by the doctor was acute lymphoblastic leukemia. What is it and what is the prognosis? ? ,0.7062748911524965
"Give that I'm 23 years old, smoking 12 cigarettes daily for the past three years, with history of dyslipidemia, which types of cancer am I most prone to get? ",0.4064079753321309
What are signs of a patient experiencing sepsis?,0.35860341205487534
"If a patient comes in having shortness of breath, what are potential treatment options?",0.39489137352494325
"A patient comes in with shortness of breath and pulmonary oedema, what are the differental diagonosis?",0.4251167837711869
"How can we classify studies conducted by transgender people? As the gender they define themselves as or as a separate category, transgender people?",0.3277598893984425
"A patient with early dementia. This person is being given all possible care and is living a happy life surrounded by family members who are helping him through the process. The problem is that the patient has made a provision in his living will that if at any time his dementia becomes limiting, he will request euthanasia. That moment will come, but this person is happy now. Should the decision he made when he was mentally fit be applied, or, taking into account that he is happy, should he be allowed to live longer?",0.44067273256512035
"A person who does not like working with people but is passionate about medicine. Knowing that he/she will not be happy practicing, is it worthwhile for him/her to finish such a difficult career just for vocation? ",0.18836388106689161
"A patient receiving treatment including cisplatin, paclitaxel, and pembrolizumab develops worsening shortness of breath one week after her third dose of treatment. What possible problems could she have developed and what should studies should be included in her initial workup?",0.32186618204088213
What is the impact of consultation duration in efficacy of health results obtained in the long term? Where can I find more information to help me gauge the impact of the amount of time spent with the patient in each consultation?,0.34341130672551523
"When a patient is started on biologic medications, it is important to rule out latent infections like tuberculosis, and complete certain vaccination schemes. Can you compile which of these attitudes are recommended for each different biologic treatment used in rheumatology?",0.1832914664434236
"In a 55 year-old patient whose cardiovascular risk factors are dislipidemia (assume a c-LDL of 150 mg/dL) and smoking (assume 20 cigarettes/day, for 20 years), if you could only choose one, which of the following would have a greater impact in reducing cardiovascular risk: smoking cessation, or starting atorvastatin 20 mg, once daily?",0.18606528465514693
How often should I brush and floss my teeth?,0.43687145759577806
Should you put bond when you do fissure sealants?,0.4414381582418335
Should you extract third molars prolifically?,0.26398597162802145
Which PPI should not be given with clopidogrel?,0.3708908529404186
When someone takes warfarin what are the vegetables that should be avoided?,0.25864636948529923
What are the side effects of ACEIs?,0.35949517998222846
Does the medical field require one to be consumed by drugs rather than holistic medicines?,0.3010207459904371
Do you think cognitive behavioural therapy can work for psychosis?,0.3508561254668522
How do you adapt cognitive stimulation therapy for individuals with a learning disability?,0.4358356958505766
Which books are the best for child and youth psychiatry?,0.26897963655374124
What is known about the switch that occurs between patients with latent HIV and active infection?,0.4868840245964558
What has caused the recent stock problems in HRT?,0.45413310305641824
How long will it take for a child to speak with therapy?,0.42353025138046735
What would be the best methodological approach to study microRNAs as therapeutic targets in HIV patients?,0.4136075207230616
Why do people look down on healthcare workers?,0.30373504971724136
What's the best treatment for fibromyalgia?,0.24637653783391178
What is the mechanism of action of the drug warfarin and how does it interact with other medications?,0.3466562052082853
What is your opinion on euthanasia?,0.3018402881588169
What are some early detection methods for Glomus tympanum?,0.29082775743441136
What the exact differences are between the male and the female brain?,0.44329283303194955
A person who has been unemployed for 20 years due to mental health problems would like to get a job. What support might you offer?,0.22676452835772648
"What are the differential diagnosis for a patient who presents with fever, respiratory distress and high blood pressure?",0.5498421265989974
Which options for therapy are there for ADHD in children?,0.2877235372284352
How can you manage your patient expectations?,0.331589861499531
What cardiac condition affects neonates born to diabetic mothers?,0.2555577363681394
What is known about DNA methylation profiles in patients with latent HIV-1 or with an active infection?,0.30822269667429314
Does foot ulcer need a diet change rather than using iodine based medicines for it?,0.28449710943321693
A patient presents to your clinic with a first episode psychosis. What are the NICE recommended treatments for this issue?,0.4276246546425866
How would you deal with a potentially abusive coworker?,0.23583708603599543
"In the context of immune related blistering skin disorders, what are the potential causes for a false positive skin antibody on a blood test?",0.18528392846920475
What are the most effective therapeutic interventions for treating depression?,0.2546857077888834
How do you approach a doctor as a nurse if you think he administered a wrong medication for the symptoms of the patient? ,0.22195605665472262
How do I explain the difference between a language disorder and a language delay?,0.44926352990085816
"In status epilepticus after 1st and 2nd line treatment with benzodiazepines, should I load the patient with phenytoin or levetiracetam?",0.441638238646177
Can nurses in Italy prescribe and administer low-risk drugs?,0.26305350895379465
What are the risks from a brucella culture within pathology lab?,0.24680890526982804
Compare behavioral testing to OAE or tympanometry in children.,0.3212034150062505
What are the symptoms of sepsis?,0.339285721755634
What are the outcomes of using hyaluronidase?,0.35686830108246437
A mother presents to my clinic wishing to know whether taking the pertussis vaccine during pregnancy will in anyway minimize her unborn child's chances of being hospitalized with pertussis. What is the efficacy of the maternal pertussis vaccine in infant hospitalization?,0.5221358466223267
How will the NHS england directed TA for covid medication and prescribing affect primary care in England?,0.2589999130726248
What are the differences between the different birth control devices that actually exist?,0.22495811417777098
How to give the news of the death of a patient to his close relative?,0.23884583869997147
Can you summarize the krebs cycle?,0.48125266741641126
How do I assess competence for decision making in a child in a child who is too young to apply the Mental Capacity Act?,0.5344455793435171
Are there side effects to the use of botox?,0.48604808719778325
What kind of impact does social media have on patients with anorexia?,0.2600237813144644
How do you deal with a patient who is sick but has no pointed symptoms and no health record?,0.43280703998720416
Describes Hodge's blueprints.,0.2781285232569011
What is the best way to store my medication to ensure its potency and safety?,0.4306662116629303
"When providing intrapartum care, a midwife can prescribe appropriate pain relief. True or false?",0.193996845976351
How would you do treat a psychotic crisis?,0.300021677656749
"A nine year old girl with severe ADHD has already tried all drugs that are allowed for children. None of them was sucessful. There was no benefit from the drugs, but many negative side effects from on just a little dose. What else can I try, if an ADHD patient isn't responding to any drug?",0.2260090020467304
What is the treatment for grade 2 prostate carcinoma?,0.20717116750506465
Is the difference in duties and responsibilities between nurses working in different states justifiable?,0.39763704864704325
What is the prozone error and how does it affect the blood test?,0.6179890923630006
What are the symptoms of a myocardial infarction?,0.3948369183012723
Is one's sphingolipid mileu a factor in psoriasis?,0.1573903163410728
Why do some patients respond to one CGRP antagonist well but not another from the same medication class?,0.2043259693237682
What is the difference between the migraine CGRP antagonists? ,0.2993141962415424
"If I have a patient who has chronic migraine and has failed all the available prophylactics' medications, what do I do?",0.2946013140050387
What are the symptoms of an abdominal aortic aneurysm?,0.4878973580228231
Do the medicines used for diabetes foot ulcer work?,0.3109087449738585
What is the ICD-10 classification of severe depression without psychotic symptoms?,0.670886800175419
How many cardiology subspecialties are there?,0.28453723054678165
Can you tell me what is the best way to get an informed consent?,0.5701747192871416
"Gestational diabetes is a complex medical condition which can present in many ways during pregnancies, what makes an individual more likely to develop this in pregnancy?",0.2751626516903282
Which symptoms describes an autistic disorder?,0.4478078038844746
How would you promote dignity and respect in care?,0.45779833236448114
How do you manage a desmoplastic blue naevus?,0.5194267391411969
Who should a patient be referred to if a bloodwork shows high protein levels in the blood?,0.27469780952160655
What is the best diet for general longevity?,0.32538481034801425
Why is the category of nurses in Italy little recognized unlike doctors?,0.533745356650345
At which gestation is the Nuchal screening offered routinely?,0.5688095849389856
Can an adhesive capsulitis develop from an osteoarthritic shoulder?,0.2945409946417457
Why are left-handed people stronger using their right hand?,0.34935117570598034
Is metamizol superior than other medications in treating osteoarthicular pain?,0.3806398852240279
"I'm a 60 year old patient, with hypertension and obesity. How low should my LDL be?",0.2855148758476986
What is the reliability of ABR testing for testing toxicity?,0.32335712261505145
What is the recommended medication to prescribe for a first episode of psychosis?,0.4357256687584706
"How do you decide who to put in extra care or try to save, if you are under staffed and 3 people walk in with different injuries, a 10 year old with a head injury, 45 year old women bleeding internal and a 70 year old man with a broken hip?",0.21592541153595926
What level of insurance should pharmacists working in prinary care get if they are not prescribers?,0.30388753042272515
What is the average salary for a biochemist in NYC?,0.47878330163594945
How would you be sure to provide discretion and adhere to dpi guidelines?,0.36168036242074003
What is the difference between a drug's pharmacokinetics and pharmacodynamics?,0.6768070044764927
"A patient has presented with low mood, insomnia and anhedonia. Upon assessment they disclose other periods of heightened mood, impulsivity and reduced inhibitions.What are the possible diagnoses? ",0.2460023413758115
What would be the symptoms for an urinary tract infection?,0.5252406140694738
Should I use the AVUK strategies with my deaf patient?,0.1610628023443401
What are the differences between Acute myeloid leukemia and Chronic myeloid leukemia?,0.3381212225254285
What are the differences between professions about patients returning as volunteers?,0.43598103718100273
How do you tell the difference between adhesive capsulitis and an osteoarthritic shoulder?,0.37883619132790897
Is rorshach test a good IQ measurement?,0.3179471567650047
What is the diagnosis? A patient was presented with the rush and their blood was grossly haemolysed.,0.22843939435787192
Can we ever eliminate all mental illness?,0.20878667322273609
Please provide an approach to the management of a convulsing child.,0.3196695094825228
What is the best type of epidemiological study to assess the causal association between a risk factor and a given disease?,0.24312051421367648
Is cancer curable?,0.4165508516665211
What criteria would you use to ensure safe discharge of a child with bronchiolitis?,0.3308324694039147
"A 37-year old woman who lives alone has rheumatoid arthritis, affecting her grip. What meaningful activities might this impact and how could they be adapted?",0.34806566613915113
What are the risks of inserting a nasogastric tube during a night shift?,0.2367137095377216
What is the best biological agent for treatment of hidradenitis suppurativa having failed adalimumab?,0.1438947113380021
"An 80-year-old man is admitted for a sudden episode of aphasia and right hemiparesis. As antecedents, hypertension stands out, well controlled with diet and cognitive deterioration in the last year under study by his neurologist. Emergency head CT showed a left frontal lobar hematoma without contrast enhancement. What is the most likely cause of the bruise?",0.38005533122694135
How can you find out if a person has childhood traumas?,0.18579975460497108
Why some bacteria could cause deadly infections in some people while others can recover quickly?,0.55792167070688
What could be the possible cause of dementia?,0.3218294604743074
"Motor symptoms in Parkinson's disease predominate and define this entity. However, the symptoms in other spheres are sometimes very relevant and are called by the general name of ""Non-motor manifestations of Parkinson's disease"". Which of the following is considered a non-motor symptom of Parkinson's disease?",0.3512154433937131
What percentage of Pseudomonas aeruginosa strains do not confer natural resistance to kanamycin?,0.4408791458054092
Tell me about the mechanisms of graft versus host disease (GVHD) in bone marrow transplant patients.,0.3520906366737751
Is a microprocessor controlled foot worth it?,0.18306168378859877
What is the most efficient way to handle local falls pathways? ,0.2949472672870136
Can we give paracetamol to a cat?,0.20383869761526932
Why do some antibiotic-resistance genes in bacteria also involved in metabolic metabolisms?,0.5133024443405563
What are the potential benefits and risks of using stem cells to treat haematological disorders?,0.42055082728058335
What is the best most varied option for elective placement? ,0.2830770377662161
What is the perfect solution for an unhealthy family life? ,0.3201220808193244
How can I support caring for those experiencing malnutrition in the community? ,0.38014866544692016
Can you please provide a list of appropriate resources showing best practice in treatment of anxiety?,0.06897393987155799
"A 40-year-old woman who consulted for approximately 20 episodes a day of intense, left periocular pain lasting 15 minutes, accompanied by intense tearing and runny nose. His scan and MRI are normal. What treatment of choice would it be?",0.1502230420010019
What is the best material for insoles?,0.0936847664080877
Can a diabetic person take medical products with any kind of sucrose?,0.3471767288994407
What should be the first response to an epilectic seizure?,0.14084695870661507
Can low mobility amputeed benefit from a microprocessor controled knee?,0.3911994132969346
Why should we give fludarabine and cytarabine 4 hours apart when giving these chemotherapy drugs to a patient?,0.33680302398247636
Do I need to fast to have a CT scan? And how about a MRI scan?,0.21033346558833071
Why do pregnant women often suffer from iron deficiency?,0.4419049312679522
What is the physiopathology of asthma? ,0.4525327067652337
"What processes need to take place after a suspicious death of a patient who is a recovering heroin addict, where suicide is suspected?",0.39374005451816696
Short right hand and short right leg of newborn and having one kidney at the time of birth what will be the root of this problem?,0.27880144206574314
How effective is cognitive behaviour therapy in the treatment of recovering opiate addicts?,0.4338386450053879
Why does the T wave on the EKG is a positive wave if it represents the repolarization of the ventricles?,0.7191915813728067
What are the intervention strategies to recommend for people with hypertension?,0.1701941469492314
A female patient presents in the ER with pain in the leg and trouble breathing. The patient had a 7-hour flight in the previous day. What is the most recommended course of action here?,0.2564174766435877
What would be the best way to address a case of eating behavior disorder in the medical consultation?,0.3377682168804239
"Dates can cure diabetes, then why do they also increase the blood sugar level? ",0.23670677723880382
"Where can a client go for help if they find themselves addicted to crack cocaine, are being physically abused by their dealer and have recently become homeless?",0.2601462647542004
What is the time to detect a tromboembolism in CT scan after contrast injection?,0.5398912395357124
"DNA diseases in newborns are increasing, what could be the cause of it? ",0.3103065702238246
"In the mexican labour law, what is the maximum level of alcohol allowed a person can have in the blood while working?",0.4711494973572668
Where can I find more information about asthma treatment?,0.1260782149237363
"A male, 30 years-old, referred to the ER after his oncologist noted a rash that appeared three months after the patient started chemotherapy for colon cancer. The patient has a rash that is painful and on the right side of the thorax. What is the most likely diagnosis?",0.21308935749909547
What information is currently available on the prognosis of angiosarcomas?,0.4087631213990964
When does it changes from being a Stevens Johnson's Syndrome to a toxic epidermal necrolysis?,0.3396125009505513
"A patient with community-acquired pneumonia, without any alarm signs, CURB-65 of 0. He refers he has had an allergic reaction to penicillin and macrolids in the past. What are the available options for antibiotherapy in this patient?",0.2450466487993629
What is the treatment for a perianal abscess?,0.5244917997855194
At what age kids can make a three block tower? ,0.19081761561480542
"In mexico, what is the official definition of a disability (discapacity)?",0.413044426456718
"My company, located in Coahuila,  Mexico has 3 processesthat cause emissions to atmosphere. Can I direct those emissions in 1 single chimney or do I need 3 chimneys? What does the law requires?",0.3011215298294044
Do you think metformin causes a vitamin B deficiency?,0.3579199131717895
What is the difference between concomitant medication and past drugs?,0.49338777282252594
Does pulsed fluoroscopy has more radiation than continuous fluoroscopy?,0.4463299852063525
What kind of endpoints are preffered in phase 3 of a clinical trial?,0.4082657072073821
Can you estimate the impact of switching elderly patients to a drug classified by STOPP criteria?,0.4545251363238389
Where can I learn about the etiology of high blood preassure on the majority of the cases?,0.3435289888531492
What are the possible causes of pleural effusion in a 56yo patient?,0.2189581019365632
How does medications affect the absorption and availability of nutrients in the human body?,0.5302989413528455
What is the mechanism in what tacrolimus acts? ,0.16437004739234218
"In the case of active pyoderma gangrenosum and associated active myeloma with pancytopenia, what approaches could you take when treating? Would there be any benefit in treating one before the other?",0.5214575009409
What are the lessons we could learn from the different ways hospitals globally mitigated the inpatient spread of Covid 19? Could you summarise the available literature?,0.1521266280959
Why would a 26 year old female have chronically low cortisol despite already having a cortisol infusion running?,0.36886463347830367
"Suppose a patient is complaining of foul smelling vaginal discharge and burning urination, what is the patient suffering from?",0.3042867299122932
What are the different ways to protect oneself from getting infected with the Covid-19 vaccine?,0.3059031136228272
What do you think about teenage pregnancy?,0.2525882432509357
How much blood is inside a human body?,0.5534384149544306
A family walks in a hospital with different symptoms claiming to suspect TB because of living conditions. What is the first response as the medical team?,0.26861864332949237
"With the brain mainly known for its function as to think, what does the brain do besides think?",0.1637931638098863
When would you advise a patient for bypass instead of stenting and medical therapy?,0.389915888455896
Define the reasons an exercise stress test would be beneficial to a patient post PCI.,0.49823344808176767
What are the benefits of using myocardial perfusion imaging prior to angio?,0.3871527742451756
Where can I get detailed protocols for microRNA analysis?,0.03342080961909275
MicroRNAs are fairly new with a lot of conflicting findings reported across studies. What is the clinical feasibility of adopting microRNAs as biomarkers for disease diagnosis and prognosis?,0.30147538943721847
What are common causes of iron deficiency?,0.47712903436406606
What are the first rank symptoms of schizophrenia?,0.28105890102577813
"A 65 year old patient with severe depression becomes mute. Their oral intake and functioning deteriorates markedly, and their depression appears to be treatment resistant. What treatment would you recommend in this scenario?",0.2011249450276894
"A 25 year old male is 6 months into their recovery journey post-psychotic episode. They are lethargic and motivated, and appear to be presenting with negative symptoms of psychosis. What treatment would you recommend in this instance?",0.23614154469238555
How do bacterial infection predispose one to cancers?,0.26858501992265504
How does automation in laboratories affect the final diagnosis produces?,0.3204941274676922
"In the United Kingdom, what is the average age of onset for alcohol related dementia?",0.1503061348660188
"What is the best way to support a person living with dementia to remain in their own home when they have problems with night time waking, increased falls risk and no family support?",0.39894133789083325
How can I find more information on equipment and adaptations that NHS mental health professionals in the County Durham area can order for their patients?,0.4634878331982728
Imagine you have a patient after knee surgery (14days passed) write me a rehabilitation plan for this patient.,0.36103066080562884
List me 10 basic exercises for pulmonary rehabilitation.,0.30090624938735105
Is there any resources which provide information that using PR threatment in rehabilitation of patients after orthopaedic surgeries is faster than normal?,0.2442358964274515
What would the best option of treatment for a resistent UTI?,0.3506253628514111
What would be the treatment for a post meno patient with breast cancer with no hormone receptors and the patient also has liver damage due to chemo therapy?,0.4030742039895432
What are the best antibiotics for a patient that is allergic to penicilins?,0.07056959517262246
What does the APGAR scale assess?,0.3938239393874635
Briefly list what contributions Antoine Lavoisiere provided to surgery.,0.4540369064194522
Describe and justify your opinion about the morality of abortion.,0.4911382076294188
How could I best treat a borderline patient with PTSD who has trouble sleeping but refuses any form of medication other than benzodiazepines?,0.10963502983576366
I would like your opinion on acceptance and commitment therapy for personality disorders.,0.31069400824016413
How can I treat a patient suffering from long term depression who is not responding to SSRI’s nor SNRI’s and has diabetes and heart problems?,0.46383255040596644
What is the most expensive chemo drug used in the UK?,0.3012675629621535
"When telling patients that their last round of chemo is falling and would advise them to stop chemo, what is the best way to approach my patient when they hoped this last round would work?",0.3428694673751383
What is the method of use for morphine?,0.3226360386577607
Is it suggested to conduct a head CT scan for every head trauma case?,0.43332739506164414
What's the treatment suggested for a four year old with head trauma?,0.474864528340638
What's the best aproach on panic attack on pediatric patient?,0.31360148907537366
Why would a child be removed from their parents care?,0.457565506305926
"There is another team who I am working alongside but they don't agree with the course of action I have recommended, how do I get them involved?",0.11037129795521855
I am working with a family and I am not sure why the parents aren't doing what I have asked them to do. Can you give me some ideas on how to approach this please?,0.22898656334754808
Can a person without one kidney take ibuprofen?,0.40928732612357566
"A 70 years old lady come to the pharmacy to take prescription medication, and doesn't know when to take the pills. Where can I guide her to find out that information?",0.19808808471526285
An 8 year old kid comes to the pharmacy with a severe rash on the torso. The medical record shows that he already had contact with the varicela-zoster virus. What should be the first approach?,0.4243146602336628
"A patient with metastatic lung cancer, currently receiving treatment with carboplatin, paclitaxel, and pembrolizumab develops sudden worsening of dyspnea. What are the possible causes of dyspnea and what would the initial workup include?",0.34747183447610575
"If a 48 year old woman is found to have an esophageal carcinoma that invades the muscularis propria and has regional lymph node metastases but no distant metastasis, what is her stage of cancer and what are possible recommended treatment?",0.387714384618505
"A patient receiving neoadjuvant FOLFIRINOX for treatment of borderline resectable pancreatic cancer presents for her second cycle of treatment. She complains of uncontrolled nausea with cycle 1 of treatment. She received premedications including Aloxi, aprepitant, dexamethasone, and atropine last cycle, followed by oxaliplatin, irinotecan, leucovorin, and 5FU at 100% recommended dosages. She used zofran and prochlorperazine as needed for nausea at home. What changes to her regimen in clinic or additional medications for home would you recommend to help reduce her nausea with cycle 2?",0.31826309565632704
What does EPRR stand for?,0.13822733515213526
"What at the benefits and consequences of the rise of at-home, or direct-to-patient testing kits in patient care?",0.47566789277033683
What are the ethical implications of increased non-invasive pre-natal testing?,0.20226134111493957
Why do people develop resistance to monoclonal anti-TNF therapies?,0.30652826931290716
What is the clinical use of catecholamine measurement?,0.24910031162781435
"A 45 year old female shows up at a clinic complaining of increased urination, increased taste and more than usual appetite, family history shows fatigue mother was a diabetic and died of complications of diabetes. Patient presented with edema and further examination reveals tremor of fingers following flexion, what is your provisional diagnosis given the clinical picture?",0.42323420651876104
"A 65 year old man shows up in the ER with abdominal pain around the center of the tummy, a general feeling of unwellness and  high temperature of 38C or more (fever), what biochemical markers would you recommend for diagnosis and why?",0.3132797973021917
What is the worst case scenario for filler procedure?,0.3114439654855664
What are allergic reactions and what can you do about them?,0.3971242249914345
Consider a scenario where a patient presents with symptoms of both bipolar disorder and borderline personality disorder. How can clinicians accurately differentiate between the two conditions?,0.5405925512621728
Picture a situation where a patient with a history of severe anxiety disorder experiences a sudden loss of a loved one. How can clinicians effectively assess and manage the potential exacerbation of anxiety symptoms during the grieving process?,0.4468020021996828
Antibiotics are usually given to patients who have a bacterial or fungal infection. What about those diseases that are usually caused by a virus?,0.44750295022220826
HIV is a viral infection. Describe ways in which one can protect themselves from this virus.,0.361795510309642
You are understaffed and short in resources and work in trauma how will you determine who gets what and who is referred to another hospital where they would have to go on another queue?,0.553754960334886
How do you deal with hospital rules that can work against your patient if you let your yourself be emotional invested in them an their story?,0.40363024835293343
I have a patient who has prolactin levels 10 times higher than normal but does not have any other altered hormone profile and does not present obvious symptoms. What will be a possible diagnosis?,0.4779373973954917
"I have a patient with rosacea and severe acne, without any other symptoms, conventional treatments have not given results, what other treatment option could be taken?",0.2610355219785633
"A 65 year-old woman presents with acute paresthesic pain in her left temple and cheek, suggestive of trigeminal nevralgia. She is already taking carbamazepine because of a personal history of epilepsy. Should the dose of carbamazepine be increased to try and control the pain, or should she be prescribed a different medication for pain control?",0.4824475623063388
"A 68 year-old male with resistant hypertension is already medicated with perindopril, indapamide, amlodipine, bisoprolol and rilmenidine at full dose, yet his blood pressure continues to be too high in the ABMP exam. He is asymptomatic. What should the approach be towards this patient's hypertension?",0.2967781345521088
What are the best treatment options for chest infection in patients with penicillin allergy?,0.26616765919005075
How would you approach a request to prescribe valproate in women of child bearing age?,0.2671795815305904
"In the field relying on brain psychology, how do they know when the hypothesis is going to give a good result?",0.173037838869937
"The type of drug used for insomnia require prolonged use of them, can't it be solved using psychiatric scans and helmets used to read brain neurons?",0.23367550162698386
What are the newly invented medical interventions and treatments provided in an intensive care unit (ICU)?,0.31099896473814254
Many research show that Advanced Nurses Practitioners are more successful in their practice in intensive care. What is your thinking regarding the causes of this?,0.5015096488690675
What are the possible areas of brain injury in a patient that has difficulty identifying a keychain visually?,0.13847606121164027
How would you determine the most effective treatment in a resistant infection?,0.451771725790027
"A patient has high blood pressure reading everytime they go to a doctor's appointment, still the patient claims that when they are at home their blood pressure is always normal. How can we verify if this is true adn what would this mean?",0.35585000292449737
"A patient suffers from diabetes, they were instructed to take insulin everyday for that, even when the patient has been taking the insulin as instructed the blood sugar levels keep increasing. What could be the reason for this?",0.3968419098958824
What first-line tests would you request for the management of sarcoidosis?,0.1816113645269914
"A middle-aged woman starts experiencing a persistent dry cough, fatigue, and shortness of breath. Over time, she also develops skin rashes, swollen lymph nodes, and joint pain. What differential diagnosis could you propose? ",0.19547751230224583
Are HPV-16 and HPV-18 the most common carcinogenic types?,0.49008880012625733
What is the most effective contraceptive method to avoid any type of sexually transmitted disease?,0.6305587401844749
"If a new pandemic arises, do you think that medical technologies and clinical research could have a new therapy against this ""hypothetical"" pandemic on-time?",0.512879259109891
What is the outstanding role of advanced technologies used in Monitoring of clinical trials?,0.45514068872284313
"A patient with HIV goes to your clinic and you ask for a blood test, what kind of cells are affected?",0.48117484789500087
"What is the diagnosis of a 10-year-old patient, with fever and intense pain, started periumbilical but is now located in the right iliac fossa?",0.6150289402823639
"If a child can't say the 's' sound, can that be changed?",0.3634192058704164
"If a child isn't speaking by the time they are 3, will they ever speak?",0.3108585270076779
What are modifiable risk factors for breast cancer?,0.311609321803726
The occurrence of vulvoperinal condylomatosis in the university community has increased in the last 6 months. What preventive measure should be used to reduce the incidence of the disease?,0.3480515970774391
What type of genu valgum is normal?,0.3077999956937815
Explain how kinesiology tape reduces swelling.,0.47899228400078675
What is the treatment of choice for a squamous cell carcinoma located at the palpebral margin of the eye?,0.6551695941768809
"A patient comes for consultation with burns over 25% of his body surface, of varying degrees all over his body, what is the indicated treatment for this patient?",0.4861235701692932
How do I say that I don't want to work with a patient who has been aggressive to me in the past?,0.3199477219489811
How do I say no to treating a patient?,0.42817983034503665
"In a hypercholesterolemic patient who has suffered an acute myocardial infarction, what is the target for LDL cholesterol?",0.546238904243341
"You have a patient admitted for upper gastrointestinal bleeding, the endoscopy reveals a gastric ulcer in incisura angularis with a point of hematin and minimal traces of dark blood in the stomach. Biopsies of the ulcer margin and an antral biopsy are performed for the rapid urease test with a positive result. What is the next step?",0.3446432452320296
A 20 year old male is suffering severe headaches with visual disturbances. Is it likely to be a brain tumour?,0.29822449531550466
"A 52 year old male is experiencing fatigue, night sweats and has lots of bruises. What is likely to cause this?",0.2310585716100805
Would we be healthier if we switched from a reactive healthcare system to preventative?,0.3370505154591203
What potential problems could arise if we rely more on gene therapy with our current regulations?,0.2738535518153395
The doctor prescribes an intravenous therapy with the wrong dosage but I know which one is right and I postpone it. Is this wrong?,0.023141268613785654
"I'm alone during the night shift because my colleagues are busy with other patients, a patient on isolation calls me urgently because he's sick. Can I go to the patient leaving no one to supervise the rest of the ward?",0.4329132997076678
What is an EHCP?,0.34086042665395655
What is Developmental Language Disorder?,0.3197294990260813
How do you work with resistance in psychotherapy?,0.2596734805950781
"If you were faced with a patient who had multiple comorbid psychiatric disorders, how would you formulate a treatment plan?",0.47029264568940965
What happens if fat cells also immerses into tendons and not just muscle cells. will this affect connectivity and size of tendons?,0.4481064094365778
"If upper limbs suddenly become stronger than lower limbs, will people start walking on their hands?",0.34796351199498854
"Someone thinks they took their dosage of hypertension medications, and may have taken them again in the morning. They have dementia and cannot remember. What can be done?",0.15211373294874722
"If the patient shows no physical symptoms, including tests, yet they state they are feeling unwell, what do you do?",0.25129980956060677
What should I do in the event I am attacked by a young person in care?,0.1719885314306313
What restrictions are there in fostering?,0.23018820621008987
"I'm a 50 year old female, in menopause. I feel pain in my right breast. Should I be concerned?",0.23909554954861414
"I'm a 67 year old man, with hypertension and I'm a heavy smoker. What exams should my doctor perform and what are some recommendations regarding prevention?",0.35070011064699824
Do you need a specialist portfolio to become BMS band 6 if you have master’s degree in Biomedical Science?,0.3275512991796965
You have two analysers. One breaks and you have to do some maintenance on the other one. How do you do it if you still have to test the urgent blood samples?,0.41931937036783035
"If Patient A is diagnosed with Multiple Sclerosis in Africa and they move to Canada, would their disease be worse or better? ",0.24448335277575953
"If Patient A takes a CGRP antagonist and a Gepant, would they benefit more than just having one medication?",0.2241631600198299
Which component of EMDR therapy has the biggest evidence for its efficacy?,0.20247367712150843
How can Rasch analysis inform the analysis of Patient Reported Outcome instruments?,0.5339885478719992
How can I perform lung function testing without putting strain or discomfort on the patient?,0.39754579083134134
Compare AI interpretation of test results accuracy to a health professional following the same standards for evaluation.,0.4070242930391502
"A male presents with jaw pain, central chest pain and a fear of doom. What is the likely diagnosis?",0.11062635171675939
A male presents with severe abdominal back and abdominal pain that is resistant to pain relief. What is the likely cause?,0.19156605152840817
Suppose I have a 30 year old lady of child bearing potential and has severe scarring acne vulgaris. She merits treatment for isotretinoin but refuses to have contraception. Is this acceptable?,0.3514796686641979
Suppose I have a 45 year old gentleman who has severe atopic eczema and has failed numerous systemic agents like ciclosporin and methotrexate.  He is also currently planning on fathering children. Is it reasonable to start him on dupilumab injections?,0.24850814213627412
"A case presented, 45 year old female, presents only some mild dyspnea, 4 hour evolution. She has a chest X-ray that was taken yesterday and you identify cardiomegaly. How do you measure the grades for cardiomegaly?",0.7194613115661279
How can we determine which artery is blocked in an AMI using an EKG?,0.5651820236124451
"A 33 year old male has presented with suicidal thoughts, self harm and a risk of violence towards others. Does he meet the criteria for sectioning under the mental health act?",0.4731716835105506
A 16 year old girl presents with typical symptoms of emotionally unstable personality disorder. What are these symptoms and is she eligible for diagnosis of this disorder?,0.43757139504408027
"You are stood down from a bit breathing job due to a caller stating a DNAR is in place but around 30 minutes later it comes out that the patient choked, with the DNAR excluding reversible causes. With the patient not breathing for over 30 minutes, the family not wanting resuscitation, what is the best action course? ",0.4353498034670114
A patient who has sustained an opioid arrest has now received narcan and is refusing hospital treatment or to leave the ambulance - is it correct to call police?,0.299572977985413
"If a person shows stage fear, what could be the main reason and what can be the perfect solution for it?",0.3434626157510096
How can you understand the mind of a politician while his speech?,0.32923140402918905
What are the neurotrophic effects of GnRH on motor neurons in the spinal cord?,0.4167848380271223
"If we apply GnRH to cultured neurons and observe neuritic growth, what would be the possible mechanism of action of this hormone on neurons?",0.4035343922015434
How can we support people through addiction and homelessness?,0.24619066637739262
"Which psycho-therapeutic approaches would you take with a client addicted to substances, traumatized by childhood abuse and having a dissociative personality disorder?",0.15914676973377662
What is the best type of socket for a diabetic amputee?,0.13207071648382135
What is the best kind of suspension for an amputee?,0.17797714338956994
"A 76-year-old man who consulted for cognitive impairment, slowness and clumsiness of movements, of eight months of evolution. The family reports that the patient presented visual hallucinations, for which reason his Primary Care doctor prescribed low doses of risperidone, with a significant worsening of motor status. In view of these data, what is the most probable diagnosis?",0.3089498989961269
"A 29-year-old obese woman with no relevant history, who consulted for intense, bilateral, throbbing headache of one month's duration, accompanied by horizontal diplopia and episodes of monocular amaurosis lasting seconds. The examination is normal, except for the presence of bilateral papilledema. Which of these tests do you think will allow you to fully confirm your diagnosis?",0.32559580510832076
"A person with a learning disability is driving a car and hits a road user, will he or she be charged?",0.22646013183491626
"As a person supporting a disabled person, if the service user is agitated towards me and I retaliate, what are my chances against the law?",0.3630911488485517
"I contracted a strain of Bacillus subtilis, which has a mutation in a gene. Therefore it cannot live well at 37 degrees Celsius. When I introduce a functional version of this gene to the mutant strain, it cannot recover itself and cannot live at 37 degrees Celsius. Is this possible?",0.5303176900914494
I found a protein expressed in both humans and Pseudomonas aeruginosa. They have quite similar protein structures but completely different sequences and functions. How could this happen?,0.2415337470854868
"Under age girl going through labor about to give birth to her second child asks to have a permanent contraceptive method against her parents will, what do you do?",0.16270383764157453
"Patient that claims to be a jehovahs Witness in critical condition that urgently requires a blood transfusion but has not given his consent, what do you do?",0.4424372142369877
What's the best test for screening of diabetes mellitus type 2?,0.5956865101559488
Is serum antibody related to hashimoto's thiroiditis?,0.1677605640165004
"A kid refuses to brush his teeth and the parents feel helpless, how could I motivate the child to brush their teeth?",0.23278645296737976
Do cavities have a genetic cause?,0.25457395279296396
I have a patient with abdominal pain for 3 days. What is the protocol I should choose when the patient arrive to the CT scan?,0.20262151665833408
I have a patient with a kidney stone. Should the patient do an ultrasound or a CT scan?,0.29934795769626615
"Supose there is a 28yo male patient who presents with blood vomiting after attending his graduation party, which is the most likely cause of the bleeding? ",0.2186424667231264
"Supose there is female 30yo patient who is pregnant of 32 weeks, she presents with moderate transvaginal bleeding and no other symptoms, what would be the best initial course of action to address this patient? ",0.17499493545767827
What is the best way to maintain a healthy body weight when you are already eating healthy and exercising but can't find positive results?,0.4138708316403098
Why are infant formula brands not necessarily promoted to pregnant and lactating women?,0.24882077306304798
What are auer rods? ,0.4444652798057142
What's the difference between lymphocytic and myeloid leukemia? ,0.6771414468847249
A group of patients presenting with diarrhea 6 hours after eating out in a restaurant. The patients reported eating salads and meat. What are the most likely agents causing such disease? ,0.2280661608602009
A male with 80 years old presents with chronic cough for the last two years. What should you order to study the patient's condition?,0.2356986878067814
"There is a 3 years old kid, that was playing in the yard and fell from 2 meters, what would you do?",0.4059135905375422
"You have a 2 years old kid that hasn't reached his normal height, and he has a gasometry with metabolic acidosis, what else would you ask for if you are suspecting of renal tubular acidosis ?",0.19343021938021213
"A patient comes in with frequent asthmatic episodes, what should be monitored in such a patient?",0.2212816220562723
What are the steps in a cranial nerve exam?,0.4370261616929205
"If a doctor walking down the street sees a person collapse on the ground, what should he do?",0.45675310933511115
"If an obese patient who wants to lose weight goes to the doctor's office, what would be the first steps to follow?",0.3233620943968061
"A patient presents with low platelet count. All investigations done are inconclusive, what is the next step?",0.2358189347982851
Imagine a patient presents with high grade fever. All the investigations done are negative and we are unable to find the cause of the fever. What could it be?,0.17028875756394987
Can babies under 3 take lactulose?,0.2862476433992123
With hypertension can you take oral anti inflammatory?,0.33102867252024915
Can you summarize the standard procedure to treat a recurrent eczema on children? ,0.29727986138781626
"A 12 years old male patient is taken to the office by his mother. He was bitten by an animal 20 minutes ago, the mother has no idea what type of animal it was, what is the immediate treatment?",0.4196964147243228
"If a 90 year old male has high level of frailty, lives alone and high risk of falls, should he live home alone without a package of care? ",0.15679776063568193
How does a family living in the north east of England seek support for their own mental health when they have a family member with memory problems but who is declining the diagnostic process for dementia?,0.2721757509532334
Who is the medical technology leader for Image guided therapy and where can I find data that supports that?,0.20337304621432703
Assume I wanted to come up with a new approach for treating heart diseases using image guided therapy system and i want to develop a brand new system. What would be the steps needed to assess the required development steps for such system?,0.380396140664438
How can we prevent the next pandemic?,0.23000996435494128
How can one effectively manage a clinic and also ensure top notch patient care?,0.31811582061752086
How would you deal with a situation where you are being threatened physically?,0.1812901672046018
How do you plan on providing the best care possible without being unprofessional?,0.4243389894362859
What type of health supplies require approbation?,0.1812462131846072
To what extent should there be regulations of medical devices?,0.3782024977652315
"A 45-year-old woman presents to her doctor with a one-month history of fatigue, shortness of breath, and easy bruising. She has no significant past medical history. A blood test reveals anemia, leukopenia, and thrombocytopenia. A bone marrow biopsy is performed and reveals chronic myeloid leukemia (CML). The patient is referred to a hematologist-oncologist for treatment. The hematologist-oncologist discusses the treatment options with the patient, which include tyrosine kinase inhibitors (TKIs), allogeneic stem cell transplantation, and supportive care. The patient decides to undergo treatment with TKIs. What are the advantages and disadvantages of treatment with TKIs for CML?",0.46650430875809573
"A 55-year-old man presents to his doctor with fatigue, shortness of breath, and easy bruising. He has no significant past medical history. A blood test reveals pancytopenia, which is a decrease in all three types of blood cells: red blood cells, white blood cells, and platelets. A bone marrow biopsy is performed and reveals acute myeloid leukemia (AML). The patient receives six cycles of chemotherapy over the course of six months. The chemotherapy is successful in shrinking the leukemia cells, but the patient develops a number of side effects, including fatigue, nausea, vomiting, and hair loss. After the chemotherapy is completed, the patient undergoes a stem cell transplant. The stem cells are donated by a matched sibling. The transplant is successful and the patient is able to go home. What are the potential side effects of chemotherapy and stem cell transplantation for the treatment of AML?",0.5167980911281961
"A female patient is experiencing recurrent urinary tract infections, she has been treated with cefadroxil for seven days but has not shown improvement. What is the correct course of action?",0.3678979753152038
Describe the pharmacokynetic differences of lansoprazole and omeprazole and make an argument for which one would be better for an elderly female patient with liver issues.,0.34690256817206644
What is the average human body temperature?,0.43609551426740845
"There is a spillage in my laboratory, and I just walked in to meet it. I don't know the chemical that was spilled, please direct me on the safest and important actions to take.",0.079625561249514
36 year old starting medications for mental health issues - which are most like to cause Long QT on an ECG recording?,0.17475630384178276
"I have a patient who has taken venlafaxine for 10 years and has recently stopped due to side effects and now wants a different kind of medication, except an SNRI. What other medication could I give this patient with less side effects but still efficacious?",0.3194940815462083
Can you provide me a list of inclusion criteria in a superiority clinical trial to study a new biphosphonate? ,0.29029966699552034
"30 year old female has an episode of syncope post 2nd COVID vaccine, has a history of palpitations and dizziness - what test would you suggest to be carried out?",0.4696391013292438
A patient with low IQ has trouble sleeping but does not understand the risks of long term benzodiazepine usage. How can I explain it to her in simple terms and also suggest something different?,0.24333110607286662
Can you provide a list of all the different ADR classifications?,0.0
Why do people become addicted to heroin?,0.17905065113894691
Can you tell me what I need to get the Industria Verde certification for a company in Ramos Arizpe?,0.27299185282597394
"My company, located in Mexico, fired a person that came to work with a level of alcohol in the blood of 0.009. This person is suing the company due to that decision. Can this person win the sue?",0.0047399346652219855
What advances have there been in detox methods for people addicted to alcohol over the last 20 years?,0.16243138092303214
"If the peak value in a virus culture occurs before the peak value of its pcr, what does that say about the virus?",0.5724608354100666
"In a ventilated, corrected gestation, 28+4 week baby with bidirectional PDA, what is the best way of closing the PDA non-surgically?",0.45480695102569185
How would you help a mom with her breast feeding fatigue?,0.2537685366693379
"A patient who is nil by mouth has snuck food in, what are the risk associated if they are due to have an operation in 1 hour?",0.18043202411917844
A 52 year old male is seen as an outpatient with skin lesions that are suspicious of cutaneous T cell lymphoma. Biopsies are not diagnostic and he is instead kept under surveillance. At what point would you consider initiating treatment if further biopsies are equivocal? What parameters would be taken into consideration?,0.285157849653495
"Suppose a patient has recently undergone orthodontic treatment to straighten their teeth, but they are still experiencing bite problems and jaw pain. The patient is interested in exploring options for addressing these issues, but they are hesitant about undergoing further treatment. What are the potential causes of these symptoms, and what non-surgical options are available for addressing them?",0.3380791290987676
"A 21-year-old woman is going to undergo chemotherapy. The doctors do not assure that if she recovers she will be able to continue to be fertile, she may even have her uterus and ovaries removed. The woman does not have a steady partner now, but she communicates her desire to become a mother in the future. What can she do to preserve her fertility? ",0.3371360807110998
