Question,Scaled_Bleu_Score
What are signs and study findings that would indicate follicular lymphoma has transformed to diffuse large B-cell lymphoma?,0.090494685462202
A patient with a history of heart failure now presents with newly diagnosed metastatic HER2+ breast cancer. What is her recommended first line of treatment and what additional information should be discussed with the patient given her history of heart failure?,0.09356431248941434
What does research currently say regarding the use of cryotherapy to prevent peripheral neuropathy in patients receiving paclitaxel?,0.06914099641383632
"A patient with Ewing sarcoma of the femur is due for restaging scans while on VDC/IE after undergoing surgery which included the placement of hardware. Should the clinician order a CT, MRI, PET/CT or a combination of these scans? What patient factors may influence the clinician's decision?",0.051950346831441334
In which cases would be considered appropiate to treat an acute appendicitis with just antibiotic treatment?,1.2656425299526174e-78
What is the prognosis of a case of triple negative ductal breast carcinoma?,0.10858180485278719
What are the possible therapeutic options for a inguinal hernia and which one has the best prognosis?,0.06970782997133504
What would be the ideal diet recommendations for a 53 year old male with acute renal failure and hepatic failure?,0.09341555386482345
"What are the possible causes of a 7 days old newborn with yellowish color, seizures and altered mental status?",0.03562384886392552
What are the main signs of Langerhans cell histiocytosis in children?,5.760078655183272e-79
What's the part of the brain related with short term memory?,0.07500245527905837
According to Freud what is called the most primitive part of the brain?,0.07418210567908987
Name 3 types of therapies for a patient.,0.025692758059883743
"A girl does not go on her periods for a month and is complaining that she feels tired most of the time and gets dizzy, Just recently she started vomiting especially in the morning. What do her symptoms suggest?",1.0638581151575014e-231
What is a bacteria?,0.10778793013419438
A child was brought into the hospital and she was having a high fever and showing signs of boils on her mouth. What would be the first step in identifying the type of bacteria that is responsible for boils?,0.15451817561634215
What diseases are caused by pathogenic bacteria?,0.03678150378061458
Which type of hearing loss do you expect an ex miner to have?,2.5667438380160566e-155
Can patients with unilateral hearing loss benefit from cochlear implant?,0.1497277324249351
A 3 month old baby was seen by an Audiologist.mom reported that he’s been pulling his ear a lot. The Audiologist did tympanommetry and got type B typos. What’s likely to be the problem?,0.02403913464595409
"With blood having different types of cells, why do you think blood is red?",0.06655509553196781
"In an emergency room, 3 people are wheeled in, in different states or conditions, one being hit on the head with a glass bottle, one with a bone sticking out of their leg and the other with a abnormally high temperature. According to the emergency scale, who will be first priority?",0.046443244485016945
"In every health facility there are certain health standards that need to be maintained, one being putting people first before your needs. A patient walks in as you are about to go on a lunch break, and complains about waiting over 5 hours to be attended to and feels their sugar levels(as a Diabetic) has dropped significantly and feels nauseous. What do you as a health worker do?",0.09192217753794969
What is the most important factors for Nurses in Intensive care unit to deliver proper care?,0.04097659818647568
If we update our curriculum for the intensive care unit nurses will it benefit for us?,0.017374255944219517
What is your opinion for Advanced Nurses Practitioner In ICU?,0.032965262432030434
How does a COVID infection relate to anxiety and depression in previously healthy individuals?,0.12567835575909
A patient with a retinal degeneration disease you've been treating for years approaches you after a sudden increase inquiring about regenerative medicine techniques being performed in Japan and asks if he can be treated with that therapy. What are the first steps to determining if that's a realistic possibility for the patient?,0.07171434967673611
"A 55 year old male patient describes the sudden appearance of a slight tremor and having noticed his handwriting getting smaller, what are the possible ways you'd find a diagnosis? ",0.04152239706550472
"Imagine a young man who frequently experiences extreme fatigue, joint pain, and a persistent butterfly-shaped rash across his face. He also notices recurrent mouth ulcers and sensitivity to sunlight. What is the most guiding symptom of a Lupus as a diagnose?",0.15484345441237773
What findings could be appear on the RxTx of the previous patient?,0.1210528974974056
"While administering tests for management of sarcoidosis, If immunoglobulins are negative, what differential diagnoses would you propose?",0.0297029968364944
"HIV is highly prevalent in Africa, suppose there are more black people in Africa compared to other ethnic groups, could this be genetic disposition?",0.08123243052877709
What is the sexually transmitted disease HPV?,0.06105601275793219
"If a patient comes to the clinic after obtaining a positive result in a PCR test for HPV-16, what would be the recommendations?",0.0601984349586085
"If a patient comes to the office for genital warts, what would be the treatment that would be given?",0.031328392313001704
"Is ""Ethics Dumping"" still a common practice in less developed countries? ",0.05356779886875004
"Imagine a world without Bioethics in Clinical Research, what would be the role of the human being in this scenario?",1.129160613258969e-78
What are the most encountered barriers in clinical research related to Bioethics?,0.04706287784978007
What herbal drugs are licensed for SARS-CoV-2 treatment?,0.10758706901123509
Provide research sources of in vitro analysis of antiviral abilities of Nigerian herbs against sars cov 2.,4.244711352009265e-155
Protein Load is know to inhibit the antiviral ability of chlorous acid. Why does bovine serum albumin enhance it's antiviral effect in vitro? ,0.10594581971373133
What is the treatment for patients with bacterial tonsillitis who are allergic to penicillin?,0.21557567915793258
What sign is observed in the barium esophagram in patients with achalasia?,0.10226958237053538
What are the cardinal symptoms of laryngotracheitis?,0.04660689419775137
What is the contraception method of election when a woman can't take estrogen?,0.06223985617882701
"A 6-month-old patient is taken to consult by his mother, who reports delayed growth in her son, as well as changes in the dentition, recurrent vomiting, uncoordinated movements, and difficult-to-control seizures. On physical examination, she is noted to have seborrheic skin, microcephaly, and a promiscuous jaw. Based on the clinical data presented by the patient, what syndrome does the patient present?",8.120546156106983e-232
"A 38-year-old woman who was traveling standing on a bus, supported by a vertical tube, when the bus hits head-on, she is projected forward without letting go of the tube, causing abduction and lateral rotation of the right shoulder. She presents very intense pain in the shoulder, with functional disability of the extremity. She is taken to the emergency department 1.5 hours after the accident, with his right arm next to her body, holding her forearm with his left hand. She is given immediate treatment and is immobilized for 3 weeks. Based on the mechanism of injury, the probable diagnosis in this patient is:",1.8682448376628916e-155
"During a squat, if the knees fall inwards which muscle are weak?",0.04599015568502657
If a patient's X ray has dark spots on the chest what does it mean?,9.664771739302323e-79
Describe treatment methods of congenital Talipes equinovarus.,0.06626592818749599
What are the most common injuries in childhood among Hispanic families?,0.06414352778937887
A 60 years old woman comes to the office asking for pain medication. She has a history of opioid addiction and uncontrolled high blood pressure. Under what circumstances I should referred her to the hospital? ,0.09650124214973403
"A 27 year old male comes to the office after finding an insect inside of his left ear canal. Legs are visible and it is alive, every time it moves it provokes pain to the patient. How should I remove the insect without harming my patient or the eardrum?",0.02590437991722214
How much tumor free margin should be left in a melanoma more than 6mm deep?,0.07333201644746788
What is the treatment of choice for a basal cell carcinoma located at the palpebral margin of the eye?,0.1620600927133058
"Suppose a 22 year old patient comes to the clinic with microcalcifications in both breasts, with family members diagnosed with breast cancer, at what age should a mastography be started?",4.678173931403068e-232
What kind of advice can I give to a parent with a child with vocal nodules?,0.08524744650791576
What classroom strategies are there for DLD?,0.03321088863702399
What kind of advice can I give to a parent with a child with ADHD and a speech disorder?,0.04159709671318932
What is the diagnostic criteria for Anorexia Nervosa?,0.0991412567359667
What is the evidence base for CBT for depression?,0.0823289714454865
"If you were supervising a clinical team, how would you work with a team member who was defensive about feedback?",0.04127104756913927
What is the condition that is associated with Carhartt’s Notch?,8.796377678215576e-232
What are the two types of hearing loss?,0.25717935222942656
A patient is suffering from vertigo and tinnitus. What would you advice them to do to alleviate the symptoms?,0.013275336256654089
Is there any difference in time of threatment of patients COVID+ who were using pulmonary rehabilitation and those who did not?,0.1192339184635464
Imagine you have a patient after hip surgery (14days passed) write me a rehabilitation plan for this patient.,0.02163102009267125
What is the treatment for blood vessel clogging?,0.09302035809571998
What do you think the future of image guided therapy is?,0.03898693665287417
How can AI better support image guided therapy procedures? What could be the approach or use of AI of heart treatment?,0.06990203396321958
What is the first step to do in a patient with a VF?,0.12987293870549732
Which surgery would be the best option for a patient with central stenosis that epidural injections failed?,0.09297704898469489
How to treat a patient with 80% of his body with 3rd grade burnings?,0.0454193835510006
A patient is allergic to the only medication suitable for curing them. What do you do?,9.526732138722306e-79
Do toxic chemicals become more or less toxic when they expire?,0.05921513890830572
What is the interaction between Anaerobyl and Alcohol on the human system?,0.05147915729059904
"New born to term. At minute 1, heart rate: 120 beats per minute, vigorous crying, pink color, limbs with good tone, slight expiratory groan. What APGAR score does this patient have?",0.05130516978809949
"7-year-old female, fever 38.2, cough with sputum, tonsillar hypertrophy, cervical adenopathies. Mention the best handling for this patient.",0.023835235939348304
Mention the clinical importance of the  tricarboxylic acid cycle and why medical students need to study it.,0.1642127619717366
"If the patient shows multiple symptoms indicating 3 diseases, how do we closely determine and eradicate the diseases?",0.04999625458349991
How can we reduce patient surgery backlog in Canada?,0.0685053684875435
"If a patient is allergic to a medicinal ingredient that is the only cure for their disease, how can we ensure patient safety during diagnosis and treatment?",0.08752497947227877
Is it possible to compound intrathecal methotrexat?,0.05033940070236744
"Suppose there is a 3 years old patient with asthma crisis management, history of severe asthma crisis. Is it recomended for them to be hospitalized?",0.13843200042774823
What's the best treatment option for an asthma crisis on a pediatric patient?,0.16891181710164938
"Suppose there is a 12 year old with suicide attempted, is it recommendable to do a psychiatrist intervention?",0.1516359976656821
Imagine we have a Patient Reported Outcome questionnaire that measures quality of life and has 3 different dimensions. What would be the best approach to analyzing the item adequacy of this instrument?,0.0746982011405635
Imagine we have a patient with a diagnosis of severe depression. What would be the best combination of treatments that could improve his mental health status?,0.06297067023212326
How the 3rd generation therapies in psychology an improvement compared to the previous ones?,0.03032865136591358
"56 year old, male patient, rushed to the ER for presenting symptoms such as: tachycardia, diaphoresis, dyspnea, and a strong pain on his chest that irradiates to his chin and left arm. What is the most likely diagnosis and what tests are essential for this patient?",0.2036219384041524
Which drug for cardiac insufficiency is contraindicated in a patient that has kidney failure? ,0.054796327195005344
"67 year old male, refers to present chest pain and dyspnea that appears when he walks 2 or 3 blocks, he has had this symptoms for 3 weeks so far, he has diabetes type 2 that was diagnosed 15 years ago and uses insulin to treat it, but does not follow his schedule and takes it whenever he remembers to, also had AIM 3 years ago. What is the diagnosis for this patient and mention 3 differential diagnosis?",0.05884320011357468
What legislation underpins assessment of children with disabilities for social care support?,0.0487804900896579
How should I engage with a non-verbal child to gather their views?,0.05627178635962851
Should buyers of antibiotics also be recommended protective drugs containing bacterial cultures?,0.09472659621966462
Should expectorant or antitussive syrup be recommended for a wet cough?,0.0752899823912373
What can severe pain in the right side of the belly button indicate?,0.06868477354009382
Sickle cells are characteristic from which kind of disease?,0.006178692146174988
"Patient with high level of glucose in fasting conditions but after the screening test does not show increased level of it, could they be considered diabetic?",0.05662021351555591
How can we treat infection caused by Neisseria gonorrhoeae?,0.07790513296037868
"Thinking that we want to design an experiment with 3 groups, in which we observe significant differences, what would be the appropriate number of animals that we need to use?",0.04118824519535763
"In your experience, what are the most appropriate treatments for a patient with sciatic nerve injury?",0.09683811055790839
What is your opinion on the spontaneous regeneration of axons in the peripheral nervous system?,0.089181498159781
Indicate the correct dosage range of ibuprofen for a child of age 9 and 32 kilos.,0.06666049525566173
"A patient has prescribed losartan and bisoprolol to treat their hypertension, however, they have developed an allergy to one of the excipients of bisoprolol. What is the correct course of action to take by the pharmacist?",0.0804112395055211
Design an algorithm of hypertension drugs to help the clinician make the best medication choice according to the patient and their health characteristics.,0.04236509227783493
"A counselor has a client who has come to counseling to process a particularly difficult relationship breakdown.  After numerous sessions the counsellor realises that they are counselling both people involved in the relationship breakup, thus there is a conflict of interest. What does the counselor do?",4.78097995013412e-155
What are the common approaches to coping with periods of acute dis-regulation?,0.08799846065699027
"A client who has a feeling that they have been abused in childhood, has no real memory of the abuse and struggles with emotional dis-regulation in adulthood, cannot form lasting bonds with people, is of a dissorganised attachment style, has come to therapy to work on understanding the abuse they may have experienced in childhood with the hope that this will make them better. What are the steps a therapist must take in providing a secure and safe environment for the client to begin to address their trauma?",0.04994375273284158
Teach me PCR in three sentences.,0.16777960954309953
"The prevalence of malaria in Africa is tied to its disease vector control, what are the possible potential options that can be explored in the eradication of malaria in Africa?",0.025501455575363638
"I am a new intern in the blood transfusion laboratory, please write a standard SOP for me for preparing a fresh frozen plasma.",0.09556634539649131
Should we inform patients that homeopathic medicines don't work?,0.05605009619828674
Why we do not check exact ingredients of dietary supplements?,0.11345047449417608
Patient comes everyday and buys OTC medicine with an ingredient that is addictive. What can I do?,1.1764998595149603e-78
When would you start antibiotic in a acute pharingitis?,1.3988755303203114e-78
What is the first radiological sign of fetal death?,9.622510185648421e-79
What is the initial treatment for anal fissures?,0.14879860439632767
"A patient who is a smoker has a lesion on his mouth that causes pain, could it be a carcinoma?",1.521647377011116e-78
What is the best anesthesia for diabetic patients?,1.6416925597619206e-78
How does smoking affect periodontal disease?,0.032118970499156706
How can a clinician confirm that a patient with a headache has subarachnoid hemorrhage ?,0.06558943989088868
When does a chronic lympocytic leukemia transform to a diffuse large b cell lymphoma?,0.054028443087128834
A 30 year old primigravid pregnant woman walks into the clinic complaining of intense contractions that last. How can a physician differentiate between true onset of labour and braxton hicks contractions?,0.08699631662231869
What are the most common translocations associated with chronic myeloid leukemia? ,0.07454259819046603
My child has been having easy bruising and fatigue for the past 6 months. Recently his labs came back and his total lymphocyte count was elevated. The diagnosis given to me by the doctor was acute lymphoblastic leukemia. What is it and what is the prognosis? ? ,0.16180210934675435
"Give that I'm 23 years old, smoking 12 cigarettes daily for the past three years, with history of dyslipidemia, which types of cancer am I most prone to get? ",1.3062336367442175e-78
What are signs of a patient experiencing sepsis?,0.04044591283521074
"If a patient comes in having shortness of breath, what are potential treatment options?",0.05967978538969763
"A patient comes in with shortness of breath and pulmonary oedema, what are the differental diagonosis?",0.016530860492664747
"How can we classify studies conducted by transgender people? As the gender they define themselves as or as a separate category, transgender people?",1.1250081304370818e-78
"A patient with early dementia. This person is being given all possible care and is living a happy life surrounded by family members who are helping him through the process. The problem is that the patient has made a provision in his living will that if at any time his dementia becomes limiting, he will request euthanasia. That moment will come, but this person is happy now. Should the decision he made when he was mentally fit be applied, or, taking into account that he is happy, should he be allowed to live longer?",0.11121868715893875
"A person who does not like working with people but is passionate about medicine. Knowing that he/she will not be happy practicing, is it worthwhile for him/her to finish such a difficult career just for vocation? ",0.06464747338371848
"A patient receiving treatment including cisplatin, paclitaxel, and pembrolizumab develops worsening shortness of breath one week after her third dose of treatment. What possible problems could she have developed and what should studies should be included in her initial workup?",0.03681170277419237
What is the impact of consultation duration in efficacy of health results obtained in the long term? Where can I find more information to help me gauge the impact of the amount of time spent with the patient in each consultation?,1.6782210862878168e-78
"When a patient is started on biologic medications, it is important to rule out latent infections like tuberculosis, and complete certain vaccination schemes. Can you compile which of these attitudes are recommended for each different biologic treatment used in rheumatology?",1.1632981225101761e-155
"In a 55 year-old patient whose cardiovascular risk factors are dislipidemia (assume a c-LDL of 150 mg/dL) and smoking (assume 20 cigarettes/day, for 20 years), if you could only choose one, which of the following would have a greater impact in reducing cardiovascular risk: smoking cessation, or starting atorvastatin 20 mg, once daily?",0.03338660620438146
How often should I brush and floss my teeth?,0.10323024870741185
Should you put bond when you do fissure sealants?,5.37084939327664e-155
Should you extract third molars prolifically?,0.09113745839289127
Which PPI should not be given with clopidogrel?,9.393556448185199e-79
When someone takes warfarin what are the vegetables that should be avoided?,0.1395728068631817
What are the side effects of ACEIs?,0.13756823179969632
Does the medical field require one to be consumed by drugs rather than holistic medicines?,0.1552320844577788
Do you think cognitive behavioural therapy can work for psychosis?,0.04960626273686355
How do you adapt cognitive stimulation therapy for individuals with a learning disability?,0.05059024170520752
Which books are the best for child and youth psychiatry?,0.06102567190408566
What is known about the switch that occurs between patients with latent HIV and active infection?,0.047593946681638785
What has caused the recent stock problems in HRT?,0.0557845961556173
How long will it take for a child to speak with therapy?,0.12452152490494833
What would be the best methodological approach to study microRNAs as therapeutic targets in HIV patients?,0.059784109963367874
Why do people look down on healthcare workers?,0.11770088287095344
What's the best treatment for fibromyalgia?,0.1288932430435188
What is the mechanism of action of the drug warfarin and how does it interact with other medications?,0.08766365078943578
What is your opinion on euthanasia?,1.1351753797311987e-78
What are some early detection methods for Glomus tympanum?,0.06640016340390684
What the exact differences are between the male and the female brain?,0.04502085543503328
A person who has been unemployed for 20 years due to mental health problems would like to get a job. What support might you offer?,0.03265226357700916
"What are the differential diagnosis for a patient who presents with fever, respiratory distress and high blood pressure?",0.13263346472968934
Which options for therapy are there for ADHD in children?,1.4058228788127205e-78
How can you manage your patient expectations?,6.856943752920413e-79
What cardiac condition affects neonates born to diabetic mothers?,0.03987874594981286
What is known about DNA methylation profiles in patients with latent HIV-1 or with an active infection?,1.1752176967601758e-78
Does foot ulcer need a diet change rather than using iodine based medicines for it?,1.2428666493753403e-78
A patient presents to your clinic with a first episode psychosis. What are the NICE recommended treatments for this issue?,0.05008903128508279
How would you deal with a potentially abusive coworker?,0.010074402163326559
"In the context of immune related blistering skin disorders, what are the potential causes for a false positive skin antibody on a blood test?",0.1669458558765393
What are the most effective therapeutic interventions for treating depression?,0.23373378687650165
How do you approach a doctor as a nurse if you think he administered a wrong medication for the symptoms of the patient? ,0.037701904634589126
How do I explain the difference between a language disorder and a language delay?,0.04931870012093735
"In status epilepticus after 1st and 2nd line treatment with benzodiazepines, should I load the patient with phenytoin or levetiracetam?",0.009018763163937528
Can nurses in Italy prescribe and administer low-risk drugs?,3.256749638159646e-155
What are the risks from a brucella culture within pathology lab?,0.09096589033231978
Compare behavioral testing to OAE or tympanometry in children.,0.11396172217564227
What are the symptoms of sepsis?,0.05088994593902388
What are the outcomes of using hyaluronidase?,4.217870056344802e-155
A mother presents to my clinic wishing to know whether taking the pertussis vaccine during pregnancy will in anyway minimize her unborn child's chances of being hospitalized with pertussis. What is the efficacy of the maternal pertussis vaccine in infant hospitalization?,0.05100291243997761
How will the NHS england directed TA for covid medication and prescribing affect primary care in England?,2.448175229900863e-155
What are the differences between the different birth control devices that actually exist?,0.0517578513946137
How to give the news of the death of a patient to his close relative?,3.1447557089858312e-155
Can you summarize the krebs cycle?,0.20712382326899492
How do I assess competence for decision making in a child in a child who is too young to apply the Mental Capacity Act?,0.04711050173871962
Are there side effects to the use of botox?,0.15829927143452932
What kind of impact does social media have on patients with anorexia?,0.041043554968122675
How do you deal with a patient who is sick but has no pointed symptoms and no health record?,0.06453014907879412
Describes Hodge's blueprints.,9.50943555880892e-79
What is the best way to store my medication to ensure its potency and safety?,0.20409601406997854
"When providing intrapartum care, a midwife can prescribe appropriate pain relief. True or false?",2.1037794765398527e-78
How would you do treat a psychotic crisis?,0.04641791736382413
"A nine year old girl with severe ADHD has already tried all drugs that are allowed for children. None of them was sucessful. There was no benefit from the drugs, but many negative side effects from on just a little dose. What else can I try, if an ADHD patient isn't responding to any drug?",1.1485117719298988e-78
What is the treatment for grade 2 prostate carcinoma?,0.05804525416320789
Is the difference in duties and responsibilities between nurses working in different states justifiable?,0.06870328777434397
What is the prozone error and how does it affect the blood test?,1.4522229027387957e-78
What are the symptoms of a myocardial infarction?,0.04947143276785004
Is one's sphingolipid mileu a factor in psoriasis?,0.05209149238814537
Why do some patients respond to one CGRP antagonist well but not another from the same medication class?,3.711340381105889e-155
What is the difference between the migraine CGRP antagonists? ,0.05605728245792846
"If I have a patient who has chronic migraine and has failed all the available prophylactics' medications, what do I do?",1.5714913353367524e-78
What are the symptoms of an abdominal aortic aneurysm?,0.0976467097602014
Do the medicines used for diabetes foot ulcer work?,0.06531356772294876
What is the ICD-10 classification of severe depression without psychotic symptoms?,0.6413865258981679
How many cardiology subspecialties are there?,1.6564692434647314e-78
Can you tell me what is the best way to get an informed consent?,0.053904561952265194
"Gestational diabetes is a complex medical condition which can present in many ways during pregnancies, what makes an individual more likely to develop this in pregnancy?",4.888703827300311e-155
Which symptoms describes an autistic disorder?,5.366024549904543e-155
How would you promote dignity and respect in care?,0.044183106447900224
How do you manage a desmoplastic blue naevus?,0.05754212353237662
Who should a patient be referred to if a bloodwork shows high protein levels in the blood?,0.04106381386204493
What is the best diet for general longevity?,0.0993517484490641
Why is the category of nurses in Italy little recognized unlike doctors?,0.047153472932969
At which gestation is the Nuchal screening offered routinely?,1.3247634383430357e-78
Can an adhesive capsulitis develop from an osteoarthritic shoulder?,0.3615855225145535
Why are left-handed people stronger using their right hand?,0.06219827675966576
Is metamizol superior than other medications in treating osteoarthicular pain?,0.010823694727639659
"I'm a 60 year old patient, with hypertension and obesity. How low should my LDL be?",0.033216494041350554
What is the reliability of ABR testing for testing toxicity?,0.05144447823430686
What is the recommended medication to prescribe for a first episode of psychosis?,0.13599696382114074
"How do you decide who to put in extra care or try to save, if you are under staffed and 3 people walk in with different injuries, a 10 year old with a head injury, 45 year old women bleeding internal and a 70 year old man with a broken hip?",0.09635532294937069
What level of insurance should pharmacists working in prinary care get if they are not prescribers?,6.429706443856685e-79
What is the average salary for a biochemist in NYC?,0.13730349898168204
How would you be sure to provide discretion and adhere to dpi guidelines?,4.8061619988928574e-155
What is the difference between a drug's pharmacokinetics and pharmacodynamics?,0.1455781619985099
"A patient has presented with low mood, insomnia and anhedonia. Upon assessment they disclose other periods of heightened mood, impulsivity and reduced inhibitions.What are the possible diagnoses? ",6.912165587447274e-79
What would be the symptoms for an urinary tract infection?,1.7097872680874517e-78
Should I use the AVUK strategies with my deaf patient?,1.7352694408015344e-78
What are the differences between Acute myeloid leukemia and Chronic myeloid leukemia?,0.14687662536858032
What are the differences between professions about patients returning as volunteers?,0.019208701041173115
How do you tell the difference between adhesive capsulitis and an osteoarthritic shoulder?,0.04024347778702327
Is rorshach test a good IQ measurement?,0.08580385923835032
What is the diagnosis? A patient was presented with the rush and their blood was grossly haemolysed.,0
Can we ever eliminate all mental illness?,0.07963288370985669
Please provide an approach to the management of a convulsing child.,0.04931863183766537
What is the best type of epidemiological study to assess the causal association between a risk factor and a given disease?,3.709050793403425e-155
Is cancer curable?,1.3665670284672863e-78
What criteria would you use to ensure safe discharge of a child with bronchiolitis?,0.020953174859766933
"A 37-year old woman who lives alone has rheumatoid arthritis, affecting her grip. What meaningful activities might this impact and how could they be adapted?",0.027362799485532316
What are the risks of inserting a nasogastric tube during a night shift?,2.3050357116699136e-155
What is the best biological agent for treatment of hidradenitis suppurativa having failed adalimumab?,0.026903695637075682
"An 80-year-old man is admitted for a sudden episode of aphasia and right hemiparesis. As antecedents, hypertension stands out, well controlled with diet and cognitive deterioration in the last year under study by his neurologist. Emergency head CT showed a left frontal lobar hematoma without contrast enhancement. What is the most likely cause of the bruise?",0.0219616543832939
How can you find out if a person has childhood traumas?,0.051021986963533224
Why some bacteria could cause deadly infections in some people while others can recover quickly?,0.11070465625537211
What could be the possible cause of dementia?,1.410794857169377e-78
"Motor symptoms in Parkinson's disease predominate and define this entity. However, the symptoms in other spheres are sometimes very relevant and are called by the general name of ""Non-motor manifestations of Parkinson's disease"". Which of the following is considered a non-motor symptom of Parkinson's disease?",9.594503055152632e-232
What percentage of Pseudomonas aeruginosa strains do not confer natural resistance to kanamycin?,0.30826276460621843
Tell me about the mechanisms of graft versus host disease (GVHD) in bone marrow transplant patients.,0.11040892886866636
Is a microprocessor controlled foot worth it?,0.04930770374513433
What is the most efficient way to handle local falls pathways? ,0.08031837410066837
Can we give paracetamol to a cat?,1.822884096058233e-78
Why do some antibiotic-resistance genes in bacteria also involved in metabolic metabolisms?,0.09393631423375784
What are the potential benefits and risks of using stem cells to treat haematological disorders?,0.11345536293124316
What is the best most varied option for elective placement? ,0.07801678115028542
What is the perfect solution for an unhealthy family life? ,0.04563106490551901
How can I support caring for those experiencing malnutrition in the community? ,0.07362120672475955
Can you please provide a list of appropriate resources showing best practice in treatment of anxiety?,2.1972363347400483e-155
"A 40-year-old woman who consulted for approximately 20 episodes a day of intense, left periocular pain lasting 15 minutes, accompanied by intense tearing and runny nose. His scan and MRI are normal. What treatment of choice would it be?",8.08357360366746e-232
What is the best material for insoles?,0.03613033082964186
Can a diabetic person take medical products with any kind of sucrose?,0.1508903198039707
What should be the first response to an epilectic seizure?,0.11451340235329491
Can low mobility amputeed benefit from a microprocessor controled knee?,0.12637220362576984
Why should we give fludarabine and cytarabine 4 hours apart when giving these chemotherapy drugs to a patient?,1.0768831401001981e-78
Do I need to fast to have a CT scan? And how about a MRI scan?,1.719434432427134e-79
Why do pregnant women often suffer from iron deficiency?,0.1339403243909137
What is the physiopathology of asthma? ,0.1462268810142721
"What processes need to take place after a suspicious death of a patient who is a recovering heroin addict, where suicide is suspected?",0.03732609879175949
Short right hand and short right leg of newborn and having one kidney at the time of birth what will be the root of this problem?,0.059921252075476106
How effective is cognitive behaviour therapy in the treatment of recovering opiate addicts?,0.07651388405590596
Why does the T wave on the EKG is a positive wave if it represents the repolarization of the ventricles?,0.10821786729633959
What are the intervention strategies to recommend for people with hypertension?,0.09375937747849142
A female patient presents in the ER with pain in the leg and trouble breathing. The patient had a 7-hour flight in the previous day. What is the most recommended course of action here?,0.08032412277181668
What would be the best way to address a case of eating behavior disorder in the medical consultation?,0.13651626926841182
"Dates can cure diabetes, then why do they also increase the blood sugar level? ",2.4634975242623204e-78
"Where can a client go for help if they find themselves addicted to crack cocaine, are being physically abused by their dealer and have recently become homeless?",0.02800454572371555
What is the time to detect a tromboembolism in CT scan after contrast injection?,4.926607026549805e-232
"DNA diseases in newborns are increasing, what could be the cause of it? ",0.07011670848326912
"In the mexican labour law, what is the maximum level of alcohol allowed a person can have in the blood while working?",0.03755700517522461
Where can I find more information about asthma treatment?,0.10938364072143289
"A male, 30 years-old, referred to the ER after his oncologist noted a rash that appeared three months after the patient started chemotherapy for colon cancer. The patient has a rash that is painful and on the right side of the thorax. What is the most likely diagnosis?",0.022515889940778227
What information is currently available on the prognosis of angiosarcomas?,0.06919082271276442
When does it changes from being a Stevens Johnson's Syndrome to a toxic epidermal necrolysis?,0.07962407285698758
"A patient with community-acquired pneumonia, without any alarm signs, CURB-65 of 0. He refers he has had an allergic reaction to penicillin and macrolids in the past. What are the available options for antibiotherapy in this patient?",0.14795551758523895
What is the treatment for a perianal abscess?,0.10440815927955581
At what age kids can make a three block tower? ,1.0832677820940877e-231
"In mexico, what is the official definition of a disability (discapacity)?",0.08275923936328981
"My company, located in Coahuila,  Mexico has 3 processesthat cause emissions to atmosphere. Can I direct those emissions in 1 single chimney or do I need 3 chimneys? What does the law requires?",0.03510065821017003
Do you think metformin causes a vitamin B deficiency?,0.1760997060890279
What is the difference between concomitant medication and past drugs?,0.055616906343411945
Does pulsed fluoroscopy has more radiation than continuous fluoroscopy?,0.18771715084429177
What kind of endpoints are preffered in phase 3 of a clinical trial?,0.08006572986211695
Can you estimate the impact of switching elderly patients to a drug classified by STOPP criteria?,0.08244774977471499
Where can I learn about the etiology of high blood preassure on the majority of the cases?,0.043891054175471546
What are the possible causes of pleural effusion in a 56yo patient?,0.02338349882781346
How does medications affect the absorption and availability of nutrients in the human body?,0.1413958048012916
What is the mechanism in what tacrolimus acts? ,0.06768030682653828
"In the case of active pyoderma gangrenosum and associated active myeloma with pancytopenia, what approaches could you take when treating? Would there be any benefit in treating one before the other?",0.07254162708108625
What are the lessons we could learn from the different ways hospitals globally mitigated the inpatient spread of Covid 19? Could you summarise the available literature?,0.11930567883691241
Why would a 26 year old female have chronically low cortisol despite already having a cortisol infusion running?,0.10590637367595586
"Suppose a patient is complaining of foul smelling vaginal discharge and burning urination, what is the patient suffering from?",0.05278883897791726
What are the different ways to protect oneself from getting infected with the Covid-19 vaccine?,0.06158831972368594
What do you think about teenage pregnancy?,1.0020694546174735e-78
How much blood is inside a human body?,0.04452724700749821
A family walks in a hospital with different symptoms claiming to suspect TB because of living conditions. What is the first response as the medical team?,0.06280278707107043
"With the brain mainly known for its function as to think, what does the brain do besides think?",0.06848385023585038
When would you advise a patient for bypass instead of stenting and medical therapy?,0.1281718970545124
Define the reasons an exercise stress test would be beneficial to a patient post PCI.,0.11393649028995753
What are the benefits of using myocardial perfusion imaging prior to angio?,0.1243622380590991
Where can I get detailed protocols for microRNA analysis?,0.025240147972792764
MicroRNAs are fairly new with a lot of conflicting findings reported across studies. What is the clinical feasibility of adopting microRNAs as biomarkers for disease diagnosis and prognosis?,0.14144536614664213
What are common causes of iron deficiency?,0.16493698163114762
What are the first rank symptoms of schizophrenia?,9.366613944489684e-79
"A 65 year old patient with severe depression becomes mute. Their oral intake and functioning deteriorates markedly, and their depression appears to be treatment resistant. What treatment would you recommend in this scenario?",0.03418307330752022
"A 25 year old male is 6 months into their recovery journey post-psychotic episode. They are lethargic and motivated, and appear to be presenting with negative symptoms of psychosis. What treatment would you recommend in this instance?",0.027789357346928657
How do bacterial infection predispose one to cancers?,8.739095446151122e-79
How does automation in laboratories affect the final diagnosis produces?,9.7280234669639e-79
"In the United Kingdom, what is the average age of onset for alcohol related dementia?",2.294894159058245e-155
"What is the best way to support a person living with dementia to remain in their own home when they have problems with night time waking, increased falls risk and no family support?",0.12595607892795202
How can I find more information on equipment and adaptations that NHS mental health professionals in the County Durham area can order for their patients?,0.20733322888302216
Imagine you have a patient after knee surgery (14days passed) write me a rehabilitation plan for this patient.,0.032961943794635226
List me 10 basic exercises for pulmonary rehabilitation.,1.0073082227171603e-231
Is there any resources which provide information that using PR threatment in rehabilitation of patients after orthopaedic surgeries is faster than normal?,0.07038022235257081
What would the best option of treatment for a resistent UTI?,0.0711821489329252
What would be the treatment for a post meno patient with breast cancer with no hormone receptors and the patient also has liver damage due to chemo therapy?,0.14600973560879352
What are the best antibiotics for a patient that is allergic to penicilins?,0.038593347782829295
What does the APGAR scale assess?,0.07450813255521971
Briefly list what contributions Antoine Lavoisiere provided to surgery.,6.943922769651298e-79
Describe and justify your opinion about the morality of abortion.,0.04141981968829894
How could I best treat a borderline patient with PTSD who has trouble sleeping but refuses any form of medication other than benzodiazepines?,6.041931399965282e-80
I would like your opinion on acceptance and commitment therapy for personality disorders.,2.0861192842309072e-78
How can I treat a patient suffering from long term depression who is not responding to SSRI’s nor SNRI’s and has diabetes and heart problems?,0.0930693602428685
What is the most expensive chemo drug used in the UK?,7.466898228311088e-79
"When telling patients that their last round of chemo is falling and would advise them to stop chemo, what is the best way to approach my patient when they hoped this last round would work?",4.4740839835060953e-79
What is the method of use for morphine?,0.07206787174379076
Is it suggested to conduct a head CT scan for every head trauma case?,0.05548871558899825
What's the treatment suggested for a four year old with head trauma?,0.12892756989358298
What's the best aproach on panic attack on pediatric patient?,8.393231845568115e-79
Why would a child be removed from their parents care?,0.0816083412540899
"There is another team who I am working alongside but they don't agree with the course of action I have recommended, how do I get them involved?",3.83743781597641e-155
I am working with a family and I am not sure why the parents aren't doing what I have asked them to do. Can you give me some ideas on how to approach this please?,1.1603351983994612e-78
Can a person without one kidney take ibuprofen?,3.538990255639909e-155
"A 70 years old lady come to the pharmacy to take prescription medication, and doesn't know when to take the pills. Where can I guide her to find out that information?",2.068362948621236e-155
An 8 year old kid comes to the pharmacy with a severe rash on the torso. The medical record shows that he already had contact with the varicela-zoster virus. What should be the first approach?,9.047377042573477e-79
"A patient with metastatic lung cancer, currently receiving treatment with carboplatin, paclitaxel, and pembrolizumab develops sudden worsening of dyspnea. What are the possible causes of dyspnea and what would the initial workup include?",0.10653268828877267
"If a 48 year old woman is found to have an esophageal carcinoma that invades the muscularis propria and has regional lymph node metastases but no distant metastasis, what is her stage of cancer and what are possible recommended treatment?",0.06655198661255383
"A patient receiving neoadjuvant FOLFIRINOX for treatment of borderline resectable pancreatic cancer presents for her second cycle of treatment. She complains of uncontrolled nausea with cycle 1 of treatment. She received premedications including Aloxi, aprepitant, dexamethasone, and atropine last cycle, followed by oxaliplatin, irinotecan, leucovorin, and 5FU at 100% recommended dosages. She used zofran and prochlorperazine as needed for nausea at home. What changes to her regimen in clinic or additional medications for home would you recommend to help reduce her nausea with cycle 2?",0.09727118537462795
What does EPRR stand for?,0.21401603033752975
"What at the benefits and consequences of the rise of at-home, or direct-to-patient testing kits in patient care?",0.1257200006525522
What are the ethical implications of increased non-invasive pre-natal testing?,0.03059480564309715
Why do people develop resistance to monoclonal anti-TNF therapies?,0.05910220070349106
What is the clinical use of catecholamine measurement?,0.07261925061709944
"A 45 year old female shows up at a clinic complaining of increased urination, increased taste and more than usual appetite, family history shows fatigue mother was a diabetic and died of complications of diabetes. Patient presented with edema and further examination reveals tremor of fingers following flexion, what is your provisional diagnosis given the clinical picture?",7.888936483048144e-79
"A 65 year old man shows up in the ER with abdominal pain around the center of the tummy, a general feeling of unwellness and  high temperature of 38C or more (fever), what biochemical markers would you recommend for diagnosis and why?",0.07310185923132057
What is the worst case scenario for filler procedure?,0.08999861694751192
What are allergic reactions and what can you do about them?,0.07005132511241444
Consider a scenario where a patient presents with symptoms of both bipolar disorder and borderline personality disorder. How can clinicians accurately differentiate between the two conditions?,0.12400127121023331
Picture a situation where a patient with a history of severe anxiety disorder experiences a sudden loss of a loved one. How can clinicians effectively assess and manage the potential exacerbation of anxiety symptoms during the grieving process?,0.08188638642537295
Antibiotics are usually given to patients who have a bacterial or fungal infection. What about those diseases that are usually caused by a virus?,1.076285942261933e-78
HIV is a viral infection. Describe ways in which one can protect themselves from this virus.,0.11747367713036269
You are understaffed and short in resources and work in trauma how will you determine who gets what and who is referred to another hospital where they would have to go on another queue?,7.585009587747151e-79
How do you deal with hospital rules that can work against your patient if you let your yourself be emotional invested in them an their story?,1.3367499264041667e-78
I have a patient who has prolactin levels 10 times higher than normal but does not have any other altered hormone profile and does not present obvious symptoms. What will be a possible diagnosis?,0.023959997816414787
"I have a patient with rosacea and severe acne, without any other symptoms, conventional treatments have not given results, what other treatment option could be taken?",8.240015530120148e-79
"A 65 year-old woman presents with acute paresthesic pain in her left temple and cheek, suggestive of trigeminal nevralgia. She is already taking carbamazepine because of a personal history of epilepsy. Should the dose of carbamazepine be increased to try and control the pain, or should she be prescribed a different medication for pain control?",0.050887628269430635
"A 68 year-old male with resistant hypertension is already medicated with perindopril, indapamide, amlodipine, bisoprolol and rilmenidine at full dose, yet his blood pressure continues to be too high in the ABMP exam. He is asymptomatic. What should the approach be towards this patient's hypertension?",4.787733109817599e-79
What are the best treatment options for chest infection in patients with penicillin allergy?,7.582733418873616e-79
How would you approach a request to prescribe valproate in women of child bearing age?,0.031546921213950384
"In the field relying on brain psychology, how do they know when the hypothesis is going to give a good result?",3.72580268532215e-155
"The type of drug used for insomnia require prolonged use of them, can't it be solved using psychiatric scans and helmets used to read brain neurons?",8.71416023541802e-79
What are the newly invented medical interventions and treatments provided in an intensive care unit (ICU)?,0.06578117475047084
Many research show that Advanced Nurses Practitioners are more successful in their practice in intensive care. What is your thinking regarding the causes of this?,4.616649576571092e-155
What are the possible areas of brain injury in a patient that has difficulty identifying a keychain visually?,0.05725843046720265
How would you determine the most effective treatment in a resistant infection?,0.06972435890186678
"A patient has high blood pressure reading everytime they go to a doctor's appointment, still the patient claims that when they are at home their blood pressure is always normal. How can we verify if this is true adn what would this mean?",0.15801632787783185
"A patient suffers from diabetes, they were instructed to take insulin everyday for that, even when the patient has been taking the insulin as instructed the blood sugar levels keep increasing. What could be the reason for this?",0.05974525199242485
What first-line tests would you request for the management of sarcoidosis?,0.12715130062027016
"A middle-aged woman starts experiencing a persistent dry cough, fatigue, and shortness of breath. Over time, she also develops skin rashes, swollen lymph nodes, and joint pain. What differential diagnosis could you propose? ",1.0389584031415276e-231
Are HPV-16 and HPV-18 the most common carcinogenic types?,0.14076533690042406
What is the most effective contraceptive method to avoid any type of sexually transmitted disease?,0.20197690703304275
"If a new pandemic arises, do you think that medical technologies and clinical research could have a new therapy against this ""hypothetical"" pandemic on-time?",0.02427399680792807
What is the outstanding role of advanced technologies used in Monitoring of clinical trials?,0.06649364348335596
"A patient with HIV goes to your clinic and you ask for a blood test, what kind of cells are affected?",2.336751314796786e-155
"What is the diagnosis of a 10-year-old patient, with fever and intense pain, started periumbilical but is now located in the right iliac fossa?",0.2037246216722266
"If a child can't say the 's' sound, can that be changed?",0.12778778642229083
"If a child isn't speaking by the time they are 3, will they ever speak?",0.09838476200630968
What are modifiable risk factors for breast cancer?,0.08120351265906096
The occurrence of vulvoperinal condylomatosis in the university community has increased in the last 6 months. What preventive measure should be used to reduce the incidence of the disease?,0.08805135333429341
What type of genu valgum is normal?,0.07468620780110698
Explain how kinesiology tape reduces swelling.,0.10634060200238178
What is the treatment of choice for a squamous cell carcinoma located at the palpebral margin of the eye?,0.2704655949104223
"A patient comes for consultation with burns over 25% of his body surface, of varying degrees all over his body, what is the indicated treatment for this patient?",0.02790220453320335
How do I say that I don't want to work with a patient who has been aggressive to me in the past?,0.14857144232206007
How do I say no to treating a patient?,0.06401588640837434
"In a hypercholesterolemic patient who has suffered an acute myocardial infarction, what is the target for LDL cholesterol?",0.14668981713867738
"You have a patient admitted for upper gastrointestinal bleeding, the endoscopy reveals a gastric ulcer in incisura angularis with a point of hematin and minimal traces of dark blood in the stomach. Biopsies of the ulcer margin and an antral biopsy are performed for the rapid urease test with a positive result. What is the next step?",1.6594608805754903e-78
A 20 year old male is suffering severe headaches with visual disturbances. Is it likely to be a brain tumour?,9.895369726533401e-79
"A 52 year old male is experiencing fatigue, night sweats and has lots of bruises. What is likely to cause this?",0.06125913195713591
Would we be healthier if we switched from a reactive healthcare system to preventative?,0.07685772722054367
What potential problems could arise if we rely more on gene therapy with our current regulations?,0.11459544642387527
The doctor prescribes an intravenous therapy with the wrong dosage but I know which one is right and I postpone it. Is this wrong?,0.08028397257096032
"I'm alone during the night shift because my colleagues are busy with other patients, a patient on isolation calls me urgently because he's sick. Can I go to the patient leaving no one to supervise the rest of the ward?",0.05032861320831789
What is an EHCP?,0.06032490741337839
What is Developmental Language Disorder?,0.09562823122583929
How do you work with resistance in psychotherapy?,1.2278362041531958e-78
"If you were faced with a patient who had multiple comorbid psychiatric disorders, how would you formulate a treatment plan?",0.10390678401834484
What happens if fat cells also immerses into tendons and not just muscle cells. will this affect connectivity and size of tendons?,0.055834097542902396
"If upper limbs suddenly become stronger than lower limbs, will people start walking on their hands?",0.046712658961693625
"Someone thinks they took their dosage of hypertension medications, and may have taken them again in the morning. They have dementia and cannot remember. What can be done?",4.721552572325899e-155
"If the patient shows no physical symptoms, including tests, yet they state they are feeling unwell, what do you do?",6.071325084112736e-79
What should I do in the event I am attacked by a young person in care?,1.5726902959468381e-155
What restrictions are there in fostering?,1.1734337110412025e-78
"I'm a 50 year old female, in menopause. I feel pain in my right breast. Should I be concerned?",0.03896180024205101
"I'm a 67 year old man, with hypertension and I'm a heavy smoker. What exams should my doctor perform and what are some recommendations regarding prevention?",4.082366684767528e-155
Do you need a specialist portfolio to become BMS band 6 if you have master’s degree in Biomedical Science?,0.03324495275484164
You have two analysers. One breaks and you have to do some maintenance on the other one. How do you do it if you still have to test the urgent blood samples?,1.2529320848604528e-78
"If Patient A is diagnosed with Multiple Sclerosis in Africa and they move to Canada, would their disease be worse or better? ",0.0872380755586116
"If Patient A takes a CGRP antagonist and a Gepant, would they benefit more than just having one medication?",0.03996072445658427
Which component of EMDR therapy has the biggest evidence for its efficacy?,0.0627291186082019
How can Rasch analysis inform the analysis of Patient Reported Outcome instruments?,0.0533009140569193
How can I perform lung function testing without putting strain or discomfort on the patient?,0.08556243040714454
Compare AI interpretation of test results accuracy to a health professional following the same standards for evaluation.,1.2582798575454497e-78
"A male presents with jaw pain, central chest pain and a fear of doom. What is the likely diagnosis?",9.089047785755588e-79
A male presents with severe abdominal back and abdominal pain that is resistant to pain relief. What is the likely cause?,0.06961339479330794
Suppose I have a 30 year old lady of child bearing potential and has severe scarring acne vulgaris. She merits treatment for isotretinoin but refuses to have contraception. Is this acceptable?,0.1365747953653625
Suppose I have a 45 year old gentleman who has severe atopic eczema and has failed numerous systemic agents like ciclosporin and methotrexate.  He is also currently planning on fathering children. Is it reasonable to start him on dupilumab injections?,0.09923510550050658
"A case presented, 45 year old female, presents only some mild dyspnea, 4 hour evolution. She has a chest X-ray that was taken yesterday and you identify cardiomegaly. How do you measure the grades for cardiomegaly?",0.05509541561063522
How can we determine which artery is blocked in an AMI using an EKG?,0.05929834043068476
"A 33 year old male has presented with suicidal thoughts, self harm and a risk of violence towards others. Does he meet the criteria for sectioning under the mental health act?",0.02361069312959942
A 16 year old girl presents with typical symptoms of emotionally unstable personality disorder. What are these symptoms and is she eligible for diagnosis of this disorder?,0.023627405189916535
"You are stood down from a bit breathing job due to a caller stating a DNAR is in place but around 30 minutes later it comes out that the patient choked, with the DNAR excluding reversible causes. With the patient not breathing for over 30 minutes, the family not wanting resuscitation, what is the best action course? ",0.058945426690913835
A patient who has sustained an opioid arrest has now received narcan and is refusing hospital treatment or to leave the ambulance - is it correct to call police?,0.15711806732326497
"If a person shows stage fear, what could be the main reason and what can be the perfect solution for it?",0.08701211498557919
How can you understand the mind of a politician while his speech?,0.05029004663561212
What are the neurotrophic effects of GnRH on motor neurons in the spinal cord?,0.09972468879161815
"If we apply GnRH to cultured neurons and observe neuritic growth, what would be the possible mechanism of action of this hormone on neurons?",0.12173210186065275
How can we support people through addiction and homelessness?,0.06208392809643829
"Which psycho-therapeutic approaches would you take with a client addicted to substances, traumatized by childhood abuse and having a dissociative personality disorder?",7.84320611348355e-232
What is the best type of socket for a diabetic amputee?,0.1032631650921284
What is the best kind of suspension for an amputee?,0.15605815356255526
"A 76-year-old man who consulted for cognitive impairment, slowness and clumsiness of movements, of eight months of evolution. The family reports that the patient presented visual hallucinations, for which reason his Primary Care doctor prescribed low doses of risperidone, with a significant worsening of motor status. In view of these data, what is the most probable diagnosis?",7.259419553339045e-232
"A 29-year-old obese woman with no relevant history, who consulted for intense, bilateral, throbbing headache of one month's duration, accompanied by horizontal diplopia and episodes of monocular amaurosis lasting seconds. The examination is normal, except for the presence of bilateral papilledema. Which of these tests do you think will allow you to fully confirm your diagnosis?",0.11699669823707445
"A person with a learning disability is driving a car and hits a road user, will he or she be charged?",0.13603698996399569
"As a person supporting a disabled person, if the service user is agitated towards me and I retaliate, what are my chances against the law?",0.15984678261761137
"I contracted a strain of Bacillus subtilis, which has a mutation in a gene. Therefore it cannot live well at 37 degrees Celsius. When I introduce a functional version of this gene to the mutant strain, it cannot recover itself and cannot live at 37 degrees Celsius. Is this possible?",0.13684524575973514
I found a protein expressed in both humans and Pseudomonas aeruginosa. They have quite similar protein structures but completely different sequences and functions. How could this happen?,0.03351908598997055
"Under age girl going through labor about to give birth to her second child asks to have a permanent contraceptive method against her parents will, what do you do?",3.453386583574231e-155
"Patient that claims to be a jehovahs Witness in critical condition that urgently requires a blood transfusion but has not given his consent, what do you do?",0.03151021985232915
What's the best test for screening of diabetes mellitus type 2?,0.10918434868091323
Is serum antibody related to hashimoto's thiroiditis?,0.07937187162449326
"A kid refuses to brush his teeth and the parents feel helpless, how could I motivate the child to brush their teeth?",0.08117089364337164
Do cavities have a genetic cause?,0.13577703120476428
I have a patient with abdominal pain for 3 days. What is the protocol I should choose when the patient arrive to the CT scan?,0.044064515950630205
I have a patient with a kidney stone. Should the patient do an ultrasound or a CT scan?,3.3359433442420416e-79
"Supose there is a 28yo male patient who presents with blood vomiting after attending his graduation party, which is the most likely cause of the bleeding? ",0.07864233655787405
"Supose there is female 30yo patient who is pregnant of 32 weeks, she presents with moderate transvaginal bleeding and no other symptoms, what would be the best initial course of action to address this patient? ",0.12644985978107043
What is the best way to maintain a healthy body weight when you are already eating healthy and exercising but can't find positive results?,0.15980155010216415
Why are infant formula brands not necessarily promoted to pregnant and lactating women?,0.12157691372987167
What are auer rods? ,0.04042370508112307
What's the difference between lymphocytic and myeloid leukemia? ,0.10168974604645087
A group of patients presenting with diarrhea 6 hours after eating out in a restaurant. The patients reported eating salads and meat. What are the most likely agents causing such disease? ,1.6932770163747391e-155
A male with 80 years old presents with chronic cough for the last two years. What should you order to study the patient's condition?,1.6505007164486634e-155
"There is a 3 years old kid, that was playing in the yard and fell from 2 meters, what would you do?",9.598888475853186e-79
"You have a 2 years old kid that hasn't reached his normal height, and he has a gasometry with metabolic acidosis, what else would you ask for if you are suspecting of renal tubular acidosis ?",1.725531576483022e-78
"A patient comes in with frequent asthmatic episodes, what should be monitored in such a patient?",1.9180709031040057e-78
What are the steps in a cranial nerve exam?,1.0300341100268283e-78
"If a doctor walking down the street sees a person collapse on the ground, what should he do?",0.09616277265991825
"If an obese patient who wants to lose weight goes to the doctor's office, what would be the first steps to follow?",0.10794157982239579
"A patient presents with low platelet count. All investigations done are inconclusive, what is the next step?",1.7097872680874517e-78
Imagine a patient presents with high grade fever. All the investigations done are negative and we are unable to find the cause of the fever. What could it be?,9.664969255392588e-232
Can babies under 3 take lactulose?,0.10876569038393559
With hypertension can you take oral anti inflammatory?,0.13647852524766074
Can you summarize the standard procedure to treat a recurrent eczema on children? ,0.08959029264846242
"A 12 years old male patient is taken to the office by his mother. He was bitten by an animal 20 minutes ago, the mother has no idea what type of animal it was, what is the immediate treatment?",0.17861861633156548
"If a 90 year old male has high level of frailty, lives alone and high risk of falls, should he live home alone without a package of care? ",0.05455053804469011
How does a family living in the north east of England seek support for their own mental health when they have a family member with memory problems but who is declining the diagnostic process for dementia?,0.07495539963730807
Who is the medical technology leader for Image guided therapy and where can I find data that supports that?,0.10245114310804511
Assume I wanted to come up with a new approach for treating heart diseases using image guided therapy system and i want to develop a brand new system. What would be the steps needed to assess the required development steps for such system?,1.8552458579607953e-155
How can we prevent the next pandemic?,0.052687860518497207
How can one effectively manage a clinic and also ensure top notch patient care?,0.047890172565069715
How would you deal with a situation where you are being threatened physically?,1.0849162614822189e-78
How do you plan on providing the best care possible without being unprofessional?,0.0397216479481646
What type of health supplies require approbation?,0.07248064775017714
To what extent should there be regulations of medical devices?,1.7279834840141917e-78
"A 45-year-old woman presents to her doctor with a one-month history of fatigue, shortness of breath, and easy bruising. She has no significant past medical history. A blood test reveals anemia, leukopenia, and thrombocytopenia. A bone marrow biopsy is performed and reveals chronic myeloid leukemia (CML). The patient is referred to a hematologist-oncologist for treatment. The hematologist-oncologist discusses the treatment options with the patient, which include tyrosine kinase inhibitors (TKIs), allogeneic stem cell transplantation, and supportive care. The patient decides to undergo treatment with TKIs. What are the advantages and disadvantages of treatment with TKIs for CML?",0.053491806401473906
"A 55-year-old man presents to his doctor with fatigue, shortness of breath, and easy bruising. He has no significant past medical history. A blood test reveals pancytopenia, which is a decrease in all three types of blood cells: red blood cells, white blood cells, and platelets. A bone marrow biopsy is performed and reveals acute myeloid leukemia (AML). The patient receives six cycles of chemotherapy over the course of six months. The chemotherapy is successful in shrinking the leukemia cells, but the patient develops a number of side effects, including fatigue, nausea, vomiting, and hair loss. After the chemotherapy is completed, the patient undergoes a stem cell transplant. The stem cells are donated by a matched sibling. The transplant is successful and the patient is able to go home. What are the potential side effects of chemotherapy and stem cell transplantation for the treatment of AML?",0.11130507873316325
"A female patient is experiencing recurrent urinary tract infections, she has been treated with cefadroxil for seven days but has not shown improvement. What is the correct course of action?",7.653048874486641e-79
Describe the pharmacokynetic differences of lansoprazole and omeprazole and make an argument for which one would be better for an elderly female patient with liver issues.,0.08256845587243174
What is the average human body temperature?,0.14532405608844742
"There is a spillage in my laboratory, and I just walked in to meet it. I don't know the chemical that was spilled, please direct me on the safest and important actions to take.",0.036487935022782
36 year old starting medications for mental health issues - which are most like to cause Long QT on an ECG recording?,7.586831018824814e-232
"I have a patient who has taken venlafaxine for 10 years and has recently stopped due to side effects and now wants a different kind of medication, except an SNRI. What other medication could I give this patient with less side effects but still efficacious?",0.09100858052175223
Can you provide me a list of inclusion criteria in a superiority clinical trial to study a new biphosphonate? ,0.17437767955589706
"30 year old female has an episode of syncope post 2nd COVID vaccine, has a history of palpitations and dizziness - what test would you suggest to be carried out?",0.01971715609272507
A patient with low IQ has trouble sleeping but does not understand the risks of long term benzodiazepine usage. How can I explain it to her in simple terms and also suggest something different?,1.2978206763859961e-78
Can you provide a list of all the different ADR classifications?,3.2856079010283294e-232
Why do people become addicted to heroin?,0.06480982275107265
Can you tell me what I need to get the Industria Verde certification for a company in Ramos Arizpe?,3.6626397502333424e-232
"My company, located in Mexico, fired a person that came to work with a level of alcohol in the blood of 0.009. This person is suing the company due to that decision. Can this person win the sue?",1.0728014782890633e-78
What advances have there been in detox methods for people addicted to alcohol over the last 20 years?,0.04323791166602768
"If the peak value in a virus culture occurs before the peak value of its pcr, what does that say about the virus?",0.11457115675501857
"In a ventilated, corrected gestation, 28+4 week baby with bidirectional PDA, what is the best way of closing the PDA non-surgically?",0.11758040402540525
How would you help a mom with her breast feeding fatigue?,0.04711090744216471
"A patient who is nil by mouth has snuck food in, what are the risk associated if they are due to have an operation in 1 hour?",3.5064015936609213e-155
A 52 year old male is seen as an outpatient with skin lesions that are suspicious of cutaneous T cell lymphoma. Biopsies are not diagnostic and he is instead kept under surveillance. At what point would you consider initiating treatment if further biopsies are equivocal? What parameters would be taken into consideration?,0.038078858013297176
"Suppose a patient has recently undergone orthodontic treatment to straighten their teeth, but they are still experiencing bite problems and jaw pain. The patient is interested in exploring options for addressing these issues, but they are hesitant about undergoing further treatment. What are the potential causes of these symptoms, and what non-surgical options are available for addressing them?",0.07807685724182206
"A 21-year-old woman is going to undergo chemotherapy. The doctors do not assure that if she recovers she will be able to continue to be fertile, she may even have her uterus and ovaries removed. The woman does not have a steady partner now, but she communicates her desire to become a mother in the future. What can she do to preserve her fertility? ",0.05644215948717637
