Key,Value
What are signs and study findings that would indicate follicular lymphoma has transformed to diffuse large B-cell lymphoma?,0.0391754334747657
A patient with a history of heart failure now presents with newly diagnosed metastatic HER2+ breast cancer. What is her recommended first line of treatment and what additional information should be discussed with the patient given her history of heart failure?,0.08365248083938898
What does research currently say regarding the use of cryotherapy to prevent peripheral neuropathy in patients receiving paclitaxel?,0.06260152330942378
"A patient with Ewing sarcoma of the femur is due for restaging scans while on VDC/IE after undergoing surgery which included the placement of hardware. Should the clinician order a CT, MRI, PET/CT or a combination of these scans? What patient factors may influence the clinician's decision?",0.05392247077690135
In which cases would be considered appropiate to treat an acute appendicitis with just antibiotic treatment?,1.3220297815586327e-78
What is the prognosis of a case of triple negative ductal breast carcinoma?,4.296276528728641e-155
What are the possible therapeutic options for a inguinal hernia and which one has the best prognosis?,0.03556175849478555
What would be the ideal diet recommendations for a 53 year old male with acute renal failure and hepatic failure?,0.015509554666572755
"What are the possible causes of a 7 days old newborn with yellowish color, seizures and altered mental status?",0.030246963994593944
What are the main signs of Langerhans cell histiocytosis in children?,5.860291508913624e-79
What's the part of the brain related with short term memory?,0.09536174349817965
According to Freud what is called the most primitive part of the brain?,0.10061818702356029
Name 3 types of therapies for a patient.,8.27449233497142e-232
"A girl does not go on her periods for a month and is complaining that she feels tired most of the time and gets dizzy, Just recently she started vomiting especially in the morning. What do her symptoms suggest?",7.511308013574883e-79
What is a bacteria?,1.0647435575512163e-231
A child was brought into the hospital and she was having a high fever and showing signs of boils on her mouth. What would be the first step in identifying the type of bacteria that is responsible for boils?,0.11001007111013593
What diseases are caused by pathogenic bacteria?,0.12746845861779665
Which type of hearing loss do you expect an ex miner to have?,0.08914120494165166
Can patients with unilateral hearing loss benefit from cochlear implant?,0.1257577078677696
A 3 month old baby was seen by an Audiologist.mom reported that he’s been pulling his ear a lot. The Audiologist did tympanommetry and got type B typos. What’s likely to be the problem?,0.034766689932818395
"With blood having different types of cells, why do you think blood is red?",1.1988246272864909e-78
"In an emergency room, 3 people are wheeled in, in different states or conditions, one being hit on the head with a glass bottle, one with a bone sticking out of their leg and the other with a abnormally high temperature. According to the emergency scale, who will be first priority?",0.020294191511480278
"In every health facility there are certain health standards that need to be maintained, one being putting people first before your needs. A patient walks in as you are about to go on a lunch break, and complains about waiting over 5 hours to be attended to and feels their sugar levels(as a Diabetic) has dropped significantly and feels nauseous. What do you as a health worker do?",7.409517421692701e-79
What is the most important factors for Nurses in Intensive care unit to deliver proper care?,0.025416786076523888
If we update our curriculum for the intensive care unit nurses will it benefit for us?,0.0070752108740335445
What is your opinion for Advanced Nurses Practitioner In ICU?,7.850707993042515e-232
How does a COVID infection relate to anxiety and depression in previously healthy individuals?,0.05413710858094854
A patient with a retinal degeneration disease you've been treating for years approaches you after a sudden increase inquiring about regenerative medicine techniques being performed in Japan and asks if he can be treated with that therapy. What are the first steps to determining if that's a realistic possibility for the patient?,2.431085802587668e-155
"A 55 year old male patient describes the sudden appearance of a slight tremor and having noticed his handwriting getting smaller, what are the possible ways you'd find a diagnosis? ",0.014391269578272747
"Imagine a young man who frequently experiences extreme fatigue, joint pain, and a persistent butterfly-shaped rash across his face. He also notices recurrent mouth ulcers and sensitivity to sunlight. What is the most guiding symptom of a Lupus as a diagnose?",1.4158556732794935e-78
What findings could be appear on the RxTx of the previous patient?,0.05327003793015713
"While administering tests for management of sarcoidosis, If immunoglobulins are negative, what differential diagnoses would you propose?",0.026207722580749646
"HIV is highly prevalent in Africa, suppose there are more black people in Africa compared to other ethnic groups, could this be genetic disposition?",0.05800598217576437
What is the sexually transmitted disease HPV?,0.023710434285847883
"If a patient comes to the clinic after obtaining a positive result in a PCR test for HPV-16, what would be the recommendations?",1.4840107617157197e-155
"If a patient comes to the office for genital warts, what would be the treatment that would be given?",0.023303003661568823
"Is ""Ethics Dumping"" still a common practice in less developed countries? ",0.05849505530467326
"Imagine a world without Bioethics in Clinical Research, what would be the role of the human being in this scenario?",5.155051629402547e-79
What are the most encountered barriers in clinical research related to Bioethics?,2.1946526048431113e-155
What herbal drugs are licensed for SARS-CoV-2 treatment?,0.0467419154974402
Provide research sources of in vitro analysis of antiviral abilities of Nigerian herbs against sars cov 2.,2.24826218231272e-155
Protein Load is know to inhibit the antiviral ability of chlorous acid. Why does bovine serum albumin enhance it's antiviral effect in vitro? ,0.0534980581663531
What is the treatment for patients with bacterial tonsillitis who are allergic to penicillin?,0.08996311859772702
What sign is observed in the barium esophagram in patients with achalasia?,0.08505745744750065
What are the cardinal symptoms of laryngotracheitis?,1.6956611240884456e-78
What is the contraception method of election when a woman can't take estrogen?,0.09372807459072618
"A 6-month-old patient is taken to consult by his mother, who reports delayed growth in her son, as well as changes in the dentition, recurrent vomiting, uncoordinated movements, and difficult-to-control seizures. On physical examination, she is noted to have seborrheic skin, microcephaly, and a promiscuous jaw. Based on the clinical data presented by the patient, what syndrome does the patient present?",0.0831231465746839
"A 38-year-old woman who was traveling standing on a bus, supported by a vertical tube, when the bus hits head-on, she is projected forward without letting go of the tube, causing abduction and lateral rotation of the right shoulder. She presents very intense pain in the shoulder, with functional disability of the extremity. She is taken to the emergency department 1.5 hours after the accident, with his right arm next to her body, holding her forearm with his left hand. She is given immediate treatment and is immobilized for 3 weeks. Based on the mechanism of injury, the probable diagnosis in this patient is:",1.7385977239214729e-155
"During a squat, if the knees fall inwards which muscle are weak?",1.1725008576806803e-78
If a patient's X ray has dark spots on the chest what does it mean?,2.968538645416938e-155
Describe treatment methods of congenital Talipes equinovarus.,2.2143567139814638e-155
What are the most common injuries in childhood among Hispanic families?,0.05537767465245842
A 60 years old woman comes to the office asking for pain medication. She has a history of opioid addiction and uncontrolled high blood pressure. Under what circumstances I should referred her to the hospital? ,0.03146524876055572
"A 27 year old male comes to the office after finding an insect inside of his left ear canal. Legs are visible and it is alive, every time it moves it provokes pain to the patient. How should I remove the insect without harming my patient or the eardrum?",0.032684777748464316
How much tumor free margin should be left in a melanoma more than 6mm deep?,0.12078502144760112
What is the treatment of choice for a basal cell carcinoma located at the palpebral margin of the eye?,0.13483190910660592
"Suppose a 22 year old patient comes to the clinic with microcalcifications in both breasts, with family members diagnosed with breast cancer, at what age should a mastography be started?",0.03400504684997573
What kind of advice can I give to a parent with a child with vocal nodules?,0.022716030927721818
What classroom strategies are there for DLD?,7.099185626007413e-79
What kind of advice can I give to a parent with a child with ADHD and a speech disorder?,0.027929552845497852
What is the diagnostic criteria for Anorexia Nervosa?,0.0703014928354025
What is the evidence base for CBT for depression?,2.4293670564973028e-155
"If you were supervising a clinical team, how would you work with a team member who was defensive about feedback?",3.989694048711113e-79
What is the condition that is associated with Carhartt’s Notch?,3.819799222444228e-155
What are the two types of hearing loss?,0.1241442103285354
A patient is suffering from vertigo and tinnitus. What would you advice them to do to alleviate the symptoms?,3.0549174365074e-155
Is there any difference in time of threatment of patients COVID+ who were using pulmonary rehabilitation and those who did not?,0.07293069984651308
Imagine you have a patient after hip surgery (14days passed) write me a rehabilitation plan for this patient.,2.0965327061283094e-155
What is the treatment for blood vessel clogging?,0.04669365471647537
What do you think the future of image guided therapy is?,6.335214706531845e-79
How can AI better support image guided therapy procedures? What could be the approach or use of AI of heart treatment?,6.937478571054388e-79
What is the first step to do in a patient with a VF?,0.16110445197820242
Which surgery would be the best option for a patient with central stenosis that epidural injections failed?,0.07976829342913137
How to treat a patient with 80% of his body with 3rd grade burnings?,9.621044119339268e-232
A patient is allergic to the only medication suitable for curing them. What do you do?,9.906471930562221e-79
Do toxic chemicals become more or less toxic when they expire?,1.1070464001828264e-78
What is the interaction between Anaerobyl and Alcohol on the human system?,2.297290918626187e-155
"New born to term. At minute 1, heart rate: 120 beats per minute, vigorous crying, pink color, limbs with good tone, slight expiratory groan. What APGAR score does this patient have?",3.967393089522391e-155
"7-year-old female, fever 38.2, cough with sputum, tonsillar hypertrophy, cervical adenopathies. Mention the best handling for this patient.",6.287254556762128e-232
Mention the clinical importance of the  tricarboxylic acid cycle and why medical students need to study it.,0.0587039137840004
"If the patient shows multiple symptoms indicating 3 diseases, how do we closely determine and eradicate the diseases?",0.02647869562049602
How can we reduce patient surgery backlog in Canada?,0.03462089331370909
"If a patient is allergic to a medicinal ingredient that is the only cure for their disease, how can we ensure patient safety during diagnosis and treatment?",0.06701931114636124
Is it possible to compound intrathecal methotrexat?,0.03190521211372238
"Suppose there is a 3 years old patient with asthma crisis management, history of severe asthma crisis. Is it recomended for them to be hospitalized?",3.743881382418666e-155
What's the best treatment option for an asthma crisis on a pediatric patient?,0.11989544414595107
"Suppose there is a 12 year old with suicide attempted, is it recommendable to do a psychiatrist intervention?",0.031147889349178653
Imagine we have a Patient Reported Outcome questionnaire that measures quality of life and has 3 different dimensions. What would be the best approach to analyzing the item adequacy of this instrument?,7.508411779814862e-79
Imagine we have a patient with a diagnosis of severe depression. What would be the best combination of treatments that could improve his mental health status?,5.209854264376833e-79
How the 3rd generation therapies in psychology an improvement compared to the previous ones?,0.015871516124968763
"56 year old, male patient, rushed to the ER for presenting symptoms such as: tachycardia, diaphoresis, dyspnea, and a strong pain on his chest that irradiates to his chin and left arm. What is the most likely diagnosis and what tests are essential for this patient?",0.16046894541470832
Which drug for cardiac insufficiency is contraindicated in a patient that has kidney failure? ,0.07224920104353108
"67 year old male, refers to present chest pain and dyspnea that appears when he walks 2 or 3 blocks, he has had this symptoms for 3 weeks so far, he has diabetes type 2 that was diagnosed 15 years ago and uses insulin to treat it, but does not follow his schedule and takes it whenever he remembers to, also had AIM 3 years ago. What is the diagnosis for this patient and mention 3 differential diagnosis?",1.2991088734689882e-78
What legislation underpins assessment of children with disabilities for social care support?,0.08007023406819314
How should I engage with a non-verbal child to gather their views?,4.719200235839014e-79
Should buyers of antibiotics also be recommended protective drugs containing bacterial cultures?,0.07801199605800228
Should expectorant or antitussive syrup be recommended for a wet cough?,0.04346869160086305
What can severe pain in the right side of the belly button indicate?,0.07332258866360385
Sickle cells are characteristic from which kind of disease?,0.03167478539346595
"Patient with high level of glucose in fasting conditions but after the screening test does not show increased level of it, could they be considered diabetic?",0.04628852544543312
How can we treat infection caused by Neisseria gonorrhoeae?,0.02664094361367871
"Thinking that we want to design an experiment with 3 groups, in which we observe significant differences, what would be the appropriate number of animals that we need to use?",1.0779102878459099e-78
"In your experience, what are the most appropriate treatments for a patient with sciatic nerve injury?",6.879075414451769e-79
What is your opinion on the spontaneous regeneration of axons in the peripheral nervous system?,0.03090689860722834
Indicate the correct dosage range of ibuprofen for a child of age 9 and 32 kilos.,0.07134989920948745
"A patient has prescribed losartan and bisoprolol to treat their hypertension, however, they have developed an allergy to one of the excipients of bisoprolol. What is the correct course of action to take by the pharmacist?",1.9966923287957924e-78
Design an algorithm of hypertension drugs to help the clinician make the best medication choice according to the patient and their health characteristics.,5.156482258136137e-79
"A counselor has a client who has come to counseling to process a particularly difficult relationship breakdown.  After numerous sessions the counsellor realises that they are counselling both people involved in the relationship breakup, thus there is a conflict of interest. What does the counselor do?",1.5332777658114095e-78
What are the common approaches to coping with periods of acute dis-regulation?,0.061188600498344674
"A client who has a feeling that they have been abused in childhood, has no real memory of the abuse and struggles with emotional dis-regulation in adulthood, cannot form lasting bonds with people, is of a dissorganised attachment style, has come to therapy to work on understanding the abuse they may have experienced in childhood with the hope that this will make them better. What are the steps a therapist must take in providing a secure and safe environment for the client to begin to address their trauma?",0.0752467619070232
Teach me PCR in three sentences.,7.992219124248642e-232
"The prevalence of malaria in Africa is tied to its disease vector control, what are the possible potential options that can be explored in the eradication of malaria in Africa?",0.01907052274325694
"I am a new intern in the blood transfusion laboratory, please write a standard SOP for me for preparing a fresh frozen plasma.",5.829364742104258e-232
Should we inform patients that homeopathic medicines don't work?,2.1572633198735435e-155
Why we do not check exact ingredients of dietary supplements?,0.029531931184713266
Patient comes everyday and buys OTC medicine with an ingredient that is addictive. What can I do?,5.712912358957777e-79
When would you start antibiotic in a acute pharingitis?,2.9840185878460846e-155
What is the first radiological sign of fetal death?,9.622510185648421e-79
What is the initial treatment for anal fissures?,0.051385516119767494
"A patient who is a smoker has a lesion on his mouth that causes pain, could it be a carcinoma?",0.057926124122148245
What is the best anesthesia for diabetic patients?,1.1659488170179917e-78
How does smoking affect periodontal disease?,7.004986886090147e-79
How can a clinician confirm that a patient with a headache has subarachnoid hemorrhage ?,3.6907905400960732e-155
When does a chronic lympocytic leukemia transform to a diffuse large b cell lymphoma?,0.034425869612691486
A 30 year old primigravid pregnant woman walks into the clinic complaining of intense contractions that last. How can a physician differentiate between true onset of labour and braxton hicks contractions?,0.018285499380935565
What are the most common translocations associated with chronic myeloid leukemia? ,0.1683247054050266
My child has been having easy bruising and fatigue for the past 6 months. Recently his labs came back and his total lymphocyte count was elevated. The diagnosis given to me by the doctor was acute lymphoblastic leukemia. What is it and what is the prognosis? ? ,0.06788004761962298
"Give that I'm 23 years old, smoking 12 cigarettes daily for the past three years, with history of dyslipidemia, which types of cancer am I most prone to get? ",0.02261353456176713
What are signs of a patient experiencing sepsis?,0.03276693429250587
"If a patient comes in having shortness of breath, what are potential treatment options?",0.04310695411343952
"A patient comes in with shortness of breath and pulmonary oedema, what are the differental diagonosis?",0.013074471091663431
"How can we classify studies conducted by transgender people? As the gender they define themselves as or as a separate category, transgender people?",1.0611853625540206e-78
"A patient with early dementia. This person is being given all possible care and is living a happy life surrounded by family members who are helping him through the process. The problem is that the patient has made a provision in his living will that if at any time his dementia becomes limiting, he will request euthanasia. That moment will come, but this person is happy now. Should the decision he made when he was mentally fit be applied, or, taking into account that he is happy, should he be allowed to live longer?",0.07770385781476025
"A person who does not like working with people but is passionate about medicine. Knowing that he/she will not be happy practicing, is it worthwhile for him/her to finish such a difficult career just for vocation? ",2.321087980483624e-155
"A patient receiving treatment including cisplatin, paclitaxel, and pembrolizumab develops worsening shortness of breath one week after her third dose of treatment. What possible problems could she have developed and what should studies should be included in her initial workup?",0.028514222357996884
What is the impact of consultation duration in efficacy of health results obtained in the long term? Where can I find more information to help me gauge the impact of the amount of time spent with the patient in each consultation?,0.021123183818695424
"When a patient is started on biologic medications, it is important to rule out latent infections like tuberculosis, and complete certain vaccination schemes. Can you compile which of these attitudes are recommended for each different biologic treatment used in rheumatology?",2.6366418237526976e-155
"In a 55 year-old patient whose cardiovascular risk factors are dislipidemia (assume a c-LDL of 150 mg/dL) and smoking (assume 20 cigarettes/day, for 20 years), if you could only choose one, which of the following would have a greater impact in reducing cardiovascular risk: smoking cessation, or starting atorvastatin 20 mg, once daily?",2.6704468415851023e-155
How often should I brush and floss my teeth?,0.14219443464636813
Should you put bond when you do fissure sealants?,1.7289652758106762e-78
Should you extract third molars prolifically?,0.0219414013679568
Which PPI should not be given with clopidogrel?,0.08864658813889117
When someone takes warfarin what are the vegetables that should be avoided?,4.132565730506904e-155
What are the side effects of ACEIs?,0.07495088791324327
Does the medical field require one to be consumed by drugs rather than holistic medicines?,0.09583785830759671
Do you think cognitive behavioural therapy can work for psychosis?,0.03380347026622692
How do you adapt cognitive stimulation therapy for individuals with a learning disability?,0.06922851472890373
Which books are the best for child and youth psychiatry?,0.02032622493910717
What is known about the switch that occurs between patients with latent HIV and active infection?,0.014006093963115487
What has caused the recent stock problems in HRT?,0.09925691474353467
How long will it take for a child to speak with therapy?,1.27310802370309e-78
What would be the best methodological approach to study microRNAs as therapeutic targets in HIV patients?,0.04456620847703699
Why do people look down on healthcare workers?,0.04061409493422354
What's the best treatment for fibromyalgia?,8.441279282665744e-79
What is the mechanism of action of the drug warfarin and how does it interact with other medications?,0.05639803529175195
What is your opinion on euthanasia?,3.2373973167746673e-155
What are some early detection methods for Glomus tympanum?,0.04102887873086386
What the exact differences are between the male and the female brain?,1.1858389416923788e-78
A person who has been unemployed for 20 years due to mental health problems would like to get a job. What support might you offer?,0.01757721707428594
"What are the differential diagnosis for a patient who presents with fever, respiratory distress and high blood pressure?",0.13182386354412873
Which options for therapy are there for ADHD in children?,6.888503691280386e-79
How can you manage your patient expectations?,1.4495342242928527e-78
What cardiac condition affects neonates born to diabetic mothers?,0.10003806650193259
What is known about DNA methylation profiles in patients with latent HIV-1 or with an active infection?,4.171505076721495e-155
Does foot ulcer need a diet change rather than using iodine based medicines for it?,2.7530911684511995e-155
A patient presents to your clinic with a first episode psychosis. What are the NICE recommended treatments for this issue?,0.07118489056218176
How would you deal with a potentially abusive coworker?,1.7771218919254525e-155
"In the context of immune related blistering skin disorders, what are the potential causes for a false positive skin antibody on a blood test?",0.03252856828624092
What are the most effective therapeutic interventions for treating depression?,0.029617828475974415
How do you approach a doctor as a nurse if you think he administered a wrong medication for the symptoms of the patient? ,1.9088053443805516e-155
How do I explain the difference between a language disorder and a language delay?,0.027299334463619523
"In status epilepticus after 1st and 2nd line treatment with benzodiazepines, should I load the patient with phenytoin or levetiracetam?",7.447478727616943e-79
Can nurses in Italy prescribe and administer low-risk drugs?,8.238054336489545e-79
What are the risks from a brucella culture within pathology lab?,9.071290036541309e-79
Compare behavioral testing to OAE or tympanometry in children.,5.566003969408007e-79
What are the symptoms of sepsis?,0.06212646596340737
What are the outcomes of using hyaluronidase?,7.444701448035192e-79
A mother presents to my clinic wishing to know whether taking the pertussis vaccine during pregnancy will in anyway minimize her unborn child's chances of being hospitalized with pertussis. What is the efficacy of the maternal pertussis vaccine in infant hospitalization?,9.229479441116308e-79
How will the NHS england directed TA for covid medication and prescribing affect primary care in England?,3.6496132576682154e-155
What are the differences between the different birth control devices that actually exist?,0.027938036940633366
How to give the news of the death of a patient to his close relative?,1.220631318688979e-78
Can you summarize the krebs cycle?,0.05456913639889446
How do I assess competence for decision making in a child in a child who is too young to apply the Mental Capacity Act?,1.28865203612259e-78
Are there side effects to the use of botox?,0.11913758349224328
What kind of impact does social media have on patients with anorexia?,0.09239399851199338
How do you deal with a patient who is sick but has no pointed symptoms and no health record?,0.06265388813613419
Describes Hodge's blueprints.,1.8996534463894355e-155
What is the best way to store my medication to ensure its potency and safety?,0.13265670988731493
"When providing intrapartum care, a midwife can prescribe appropriate pain relief. True or false?",1.4378211019160158e-78
How would you do treat a psychotic crisis?,0.023925924734032804
"A nine year old girl with severe ADHD has already tried all drugs that are allowed for children. None of them was sucessful. There was no benefit from the drugs, but many negative side effects from on just a little dose. What else can I try, if an ADHD patient isn't responding to any drug?",1.0226431415694353e-78
What is the treatment for grade 2 prostate carcinoma?,2.797014204715853e-155
Is the difference in duties and responsibilities between nurses working in different states justifiable?,0.045635332275497445
What is the prozone error and how does it affect the blood test?,1.1611068289714926e-78
What are the symptoms of a myocardial infarction?,0.07308018947728824
Is one's sphingolipid mileu a factor in psoriasis?,3.266045060719083e-155
Why do some patients respond to one CGRP antagonist well but not another from the same medication class?,3.958672587499672e-155
What is the difference between the migraine CGRP antagonists? ,2.8875942397131156e-155
"If I have a patient who has chronic migraine and has failed all the available prophylactics' medications, what do I do?",4.7453713189265206e-79
What are the symptoms of an abdominal aortic aneurysm?,0.04107808002202287
Do the medicines used for diabetes foot ulcer work?,6.5700518864864e-79
What is the ICD-10 classification of severe depression without psychotic symptoms?,0.2676032275663791
How many cardiology subspecialties are there?,1.1970588971958353e-78
Can you tell me what is the best way to get an informed consent?,0.041975131794577125
"Gestational diabetes is a complex medical condition which can present in many ways during pregnancies, what makes an individual more likely to develop this in pregnancy?",0.05435883313023097
Which symptoms describes an autistic disorder?,4.665445742425493e-155
How would you promote dignity and respect in care?,0.032785778374265016
How do you manage a desmoplastic blue naevus?,0.07757654425030795
Who should a patient be referred to if a bloodwork shows high protein levels in the blood?,0.05462735206086604
What is the best diet for general longevity?,0.04989164815368956
Why is the category of nurses in Italy little recognized unlike doctors?,0.035416162988025884
At which gestation is the Nuchal screening offered routinely?,0.09682379177109546
Can an adhesive capsulitis develop from an osteoarthritic shoulder?,0.12401058688993088
Why are left-handed people stronger using their right hand?,1.1605393271493787e-78
Is metamizol superior than other medications in treating osteoarthicular pain?,3.233006318207087e-79
"I'm a 60 year old patient, with hypertension and obesity. How low should my LDL be?",0.024053981064964917
What is the reliability of ABR testing for testing toxicity?,0.021652682405290016
What is the recommended medication to prescribe for a first episode of psychosis?,0.07328735185835682
"How do you decide who to put in extra care or try to save, if you are under staffed and 3 people walk in with different injuries, a 10 year old with a head injury, 45 year old women bleeding internal and a 70 year old man with a broken hip?",0.020770701049291913
What level of insurance should pharmacists working in prinary care get if they are not prescribers?,2.5053429967193827e-155
What is the average salary for a biochemist in NYC?,0.11159474465523882
How would you be sure to provide discretion and adhere to dpi guidelines?,4.7562177170852265e-79
What is the difference between a drug's pharmacokinetics and pharmacodynamics?,1.5586462573202379e-78
"A patient has presented with low mood, insomnia and anhedonia. Upon assessment they disclose other periods of heightened mood, impulsivity and reduced inhibitions.What are the possible diagnoses? ",6.912165587447274e-79
What would be the symptoms for an urinary tract infection?,1.3659956270289335e-78
Should I use the AVUK strategies with my deaf patient?,1.9507169829536965e-155
What are the differences between Acute myeloid leukemia and Chronic myeloid leukemia?,0.021883553807900576
What are the differences between professions about patients returning as volunteers?,0.026495084313039565
How do you tell the difference between adhesive capsulitis and an osteoarthritic shoulder?,9.148176108470751e-79
Is rorshach test a good IQ measurement?,1.2368942662267464e-78
What is the diagnosis? A patient was presented with the rush and their blood was grossly haemolysed.,8.783537291336887e-79
Can we ever eliminate all mental illness?,2.478262969701856e-155
Please provide an approach to the management of a convulsing child.,3.222038834128737e-155
What is the best type of epidemiological study to assess the causal association between a risk factor and a given disease?,9.882709738149013e-79
Is cancer curable?,4.298631483271809e-155
What criteria would you use to ensure safe discharge of a child with bronchiolitis?,0.015688484663750585
"A 37-year old woman who lives alone has rheumatoid arthritis, affecting her grip. What meaningful activities might this impact and how could they be adapted?",5.036327670772084e-79
What are the risks of inserting a nasogastric tube during a night shift?,1.4912935618251732e-78
What is the best biological agent for treatment of hidradenitis suppurativa having failed adalimumab?,2.528481693630674e-155
"An 80-year-old man is admitted for a sudden episode of aphasia and right hemiparesis. As antecedents, hypertension stands out, well controlled with diet and cognitive deterioration in the last year under study by his neurologist. Emergency head CT showed a left frontal lobar hematoma without contrast enhancement. What is the most likely cause of the bruise?",0.027615318392696528
How can you find out if a person has childhood traumas?,3.0214643960938615e-155
Why some bacteria could cause deadly infections in some people while others can recover quickly?,0.04545239082791834
What could be the possible cause of dementia?,1.4735015878872529e-78
"Motor symptoms in Parkinson's disease predominate and define this entity. However, the symptoms in other spheres are sometimes very relevant and are called by the general name of ""Non-motor manifestations of Parkinson's disease"". Which of the following is considered a non-motor symptom of Parkinson's disease?",0.07494469439272491
What percentage of Pseudomonas aeruginosa strains do not confer natural resistance to kanamycin?,0.1428758285394504
Tell me about the mechanisms of graft versus host disease (GVHD) in bone marrow transplant patients.,8.166953995641761e-79
Is a microprocessor controlled foot worth it?,5.1175395875367045e-79
What is the most efficient way to handle local falls pathways? ,0.058694397460842866
Can we give paracetamol to a cat?,0.049040075043615655
Why do some antibiotic-resistance genes in bacteria also involved in metabolic metabolisms?,0.06133634465217214
What are the potential benefits and risks of using stem cells to treat haematological disorders?,0.04347058996231383
What is the best most varied option for elective placement? ,1.0650335811664114e-78
What is the perfect solution for an unhealthy family life? ,0.03336134820125146
How can I support caring for those experiencing malnutrition in the community? ,0.029931787985190007
Can you please provide a list of appropriate resources showing best practice in treatment of anxiety?,7.447963967364111e-232
"A 40-year-old woman who consulted for approximately 20 episodes a day of intense, left periocular pain lasting 15 minutes, accompanied by intense tearing and runny nose. His scan and MRI are normal. What treatment of choice would it be?",5.295728623020556e-79
What is the best material for insoles?,2.737190786181884e-155
Can a diabetic person take medical products with any kind of sucrose?,5.502120219640776e-155
What should be the first response to an epilectic seizure?,7.086450478931461e-79
Can low mobility amputeed benefit from a microprocessor controled knee?,0.08642483797589236
Why should we give fludarabine and cytarabine 4 hours apart when giving these chemotherapy drugs to a patient?,0.08625892902072001
Do I need to fast to have a CT scan? And how about a MRI scan?,9.914334550220553e-156
Why do pregnant women often suffer from iron deficiency?,3.0480114195257083e-155
What is the physiopathology of asthma? ,7.577675763631698e-79
"What processes need to take place after a suspicious death of a patient who is a recovering heroin addict, where suicide is suspected?",0.06284597902712591
Short right hand and short right leg of newborn and having one kidney at the time of birth what will be the root of this problem?,0.06734753906764324
How effective is cognitive behaviour therapy in the treatment of recovering opiate addicts?,0.0357743830049894
Why does the T wave on the EKG is a positive wave if it represents the repolarization of the ventricles?,0.10249810196166113
What are the intervention strategies to recommend for people with hypertension?,6.301271796943016e-79
A female patient presents in the ER with pain in the leg and trouble breathing. The patient had a 7-hour flight in the previous day. What is the most recommended course of action here?,2.2218667459244196e-155
What would be the best way to address a case of eating behavior disorder in the medical consultation?,4.876499433507448e-155
"Dates can cure diabetes, then why do they also increase the blood sugar level? ",2.3869345818016682e-155
"Where can a client go for help if they find themselves addicted to crack cocaine, are being physically abused by their dealer and have recently become homeless?",0.028148427024067647
What is the time to detect a tromboembolism in CT scan after contrast injection?,0.07608637446100446
"DNA diseases in newborns are increasing, what could be the cause of it? ",0.017583394258600366
"In the mexican labour law, what is the maximum level of alcohol allowed a person can have in the blood while working?",0.026725436196907423
Where can I find more information about asthma treatment?,2.4406343727860134e-155
"A male, 30 years-old, referred to the ER after his oncologist noted a rash that appeared three months after the patient started chemotherapy for colon cancer. The patient has a rash that is painful and on the right side of the thorax. What is the most likely diagnosis?",0.0232802212736733
What information is currently available on the prognosis of angiosarcomas?,0.02669793144686418
When does it changes from being a Stevens Johnson's Syndrome to a toxic epidermal necrolysis?,3.3887566706830826e-155
"A patient with community-acquired pneumonia, without any alarm signs, CURB-65 of 0. He refers he has had an allergic reaction to penicillin and macrolids in the past. What are the available options for antibiotherapy in this patient?",0.055555098248566824
What is the treatment for a perianal abscess?,0.06421439648174451
At what age kids can make a three block tower? ,1.1337861261109773e-231
"In mexico, what is the official definition of a disability (discapacity)?",1.1691993331282866e-78
"My company, located in Coahuila,  Mexico has 3 processesthat cause emissions to atmosphere. Can I direct those emissions in 1 single chimney or do I need 3 chimneys? What does the law requires?",5.0522295694855405e-79
Do you think metformin causes a vitamin B deficiency?,1.5417764994268667e-78
What is the difference between concomitant medication and past drugs?,0.02944577506478111
Does pulsed fluoroscopy has more radiation than continuous fluoroscopy?,0.03286223828364104
What kind of endpoints are preffered in phase 3 of a clinical trial?,9.693030468962563e-79
Can you estimate the impact of switching elderly patients to a drug classified by STOPP criteria?,0.043315501182422625
Where can I learn about the etiology of high blood preassure on the majority of the cases?,1.0585509732826013e-78
What are the possible causes of pleural effusion in a 56yo patient?,6.662731901186398e-79
How does medications affect the absorption and availability of nutrients in the human body?,0.07087576016417498
What is the mechanism in what tacrolimus acts? ,2.204506820391453e-155
"In the case of active pyoderma gangrenosum and associated active myeloma with pancytopenia, what approaches could you take when treating? Would there be any benefit in treating one before the other?",0.25120119012074055
What are the lessons we could learn from the different ways hospitals globally mitigated the inpatient spread of Covid 19? Could you summarise the available literature?,1.669538576945774e-155
Why would a 26 year old female have chronically low cortisol despite already having a cortisol infusion running?,2.0791168016863046e-78
"Suppose a patient is complaining of foul smelling vaginal discharge and burning urination, what is the patient suffering from?",0.02976002637105191
What are the different ways to protect oneself from getting infected with the Covid-19 vaccine?,0.027912215096653096
What do you think about teenage pregnancy?,0.01755788890160633
How much blood is inside a human body?,0.12378842360944324
A family walks in a hospital with different symptoms claiming to suspect TB because of living conditions. What is the first response as the medical team?,4.069744761767867e-79
"With the brain mainly known for its function as to think, what does the brain do besides think?",2.3342950820756677e-155
When would you advise a patient for bypass instead of stenting and medical therapy?,0.0645519591099286
Define the reasons an exercise stress test would be beneficial to a patient post PCI.,1.3680300351964463e-78
What are the benefits of using myocardial perfusion imaging prior to angio?,0.04331818178598663
Where can I get detailed protocols for microRNA analysis?,7.601159375410181e-232
MicroRNAs are fairly new with a lot of conflicting findings reported across studies. What is the clinical feasibility of adopting microRNAs as biomarkers for disease diagnosis and prognosis?,0.06011201516229429
What are common causes of iron deficiency?,0.05532024720877961
What are the first rank symptoms of schizophrenia?,9.366613944489684e-79
"A 65 year old patient with severe depression becomes mute. Their oral intake and functioning deteriorates markedly, and their depression appears to be treatment resistant. What treatment would you recommend in this scenario?",3.1490954554567825e-155
"A 25 year old male is 6 months into their recovery journey post-psychotic episode. They are lethargic and motivated, and appear to be presenting with negative symptoms of psychosis. What treatment would you recommend in this instance?",0.024005284390763146
How do bacterial infection predispose one to cancers?,1.2412595201486845e-78
How does automation in laboratories affect the final diagnosis produces?,6.20005576435723e-79
"In the United Kingdom, what is the average age of onset for alcohol related dementia?",2.135639655544596e-155
"What is the best way to support a person living with dementia to remain in their own home when they have problems with night time waking, increased falls risk and no family support?",0.09686777260994966
How can I find more information on equipment and adaptations that NHS mental health professionals in the County Durham area can order for their patients?,0.05463915566871737
Imagine you have a patient after knee surgery (14days passed) write me a rehabilitation plan for this patient.,9.638885282574554e-79
List me 10 basic exercises for pulmonary rehabilitation.,3.199282683874484e-155
Is there any resources which provide information that using PR threatment in rehabilitation of patients after orthopaedic surgeries is faster than normal?,0.0830711437349762
What would the best option of treatment for a resistent UTI?,1.0012141823833171e-78
What would be the treatment for a post meno patient with breast cancer with no hormone receptors and the patient also has liver damage due to chemo therapy?,0.04156251297043148
What are the best antibiotics for a patient that is allergic to penicilins?,0.018516510735126886
What does the APGAR scale assess?,4.245471931710891e-155
Briefly list what contributions Antoine Lavoisiere provided to surgery.,9.210398002079479e-79
Describe and justify your opinion about the morality of abortion.,0.02262398533472317
How could I best treat a borderline patient with PTSD who has trouble sleeping but refuses any form of medication other than benzodiazepines?,2.022200462663438e-232
I would like your opinion on acceptance and commitment therapy for personality disorders.,1.6549771953773346e-78
How can I treat a patient suffering from long term depression who is not responding to SSRI’s nor SNRI’s and has diabetes and heart problems?,0.052222869759544356
What is the most expensive chemo drug used in the UK?,3.639982069713892e-155
"When telling patients that their last round of chemo is falling and would advise them to stop chemo, what is the best way to approach my patient when they hoped this last round would work?",2.2909797706716063e-155
What is the method of use for morphine?,0.017540036063771774
Is it suggested to conduct a head CT scan for every head trauma case?,0.06040117272844235
What's the treatment suggested for a four year old with head trauma?,0.03540725468033865
What's the best aproach on panic attack on pediatric patient?,0.016143747184912415
Why would a child be removed from their parents care?,0.0658347884514222
"There is another team who I am working alongside but they don't agree with the course of action I have recommended, how do I get them involved?",1.968950169081861e-155
I am working with a family and I am not sure why the parents aren't doing what I have asked them to do. Can you give me some ideas on how to approach this please?,0.020431580117599234
Can a person without one kidney take ibuprofen?,1.227430776921395e-78
"A 70 years old lady come to the pharmacy to take prescription medication, and doesn't know when to take the pills. Where can I guide her to find out that information?",0.019299249293830235
An 8 year old kid comes to the pharmacy with a severe rash on the torso. The medical record shows that he already had contact with the varicela-zoster virus. What should be the first approach?,4.8761396608155793e-79
"A patient with metastatic lung cancer, currently receiving treatment with carboplatin, paclitaxel, and pembrolizumab develops sudden worsening of dyspnea. What are the possible causes of dyspnea and what would the initial workup include?",0.035963355414315605
"If a 48 year old woman is found to have an esophageal carcinoma that invades the muscularis propria and has regional lymph node metastases but no distant metastasis, what is her stage of cancer and what are possible recommended treatment?",6.749946479699968e-79
"A patient receiving neoadjuvant FOLFIRINOX for treatment of borderline resectable pancreatic cancer presents for her second cycle of treatment. She complains of uncontrolled nausea with cycle 1 of treatment. She received premedications including Aloxi, aprepitant, dexamethasone, and atropine last cycle, followed by oxaliplatin, irinotecan, leucovorin, and 5FU at 100% recommended dosages. She used zofran and prochlorperazine as needed for nausea at home. What changes to her regimen in clinic or additional medications for home would you recommend to help reduce her nausea with cycle 2?",3.301754425253882e-155
What does EPRR stand for?,1.7247300931345835e-78
"What at the benefits and consequences of the rise of at-home, or direct-to-patient testing kits in patient care?",0.0935268834157805
What are the ethical implications of increased non-invasive pre-natal testing?,0.03497799650734242
Why do people develop resistance to monoclonal anti-TNF therapies?,8.12297318061981e-79
What is the clinical use of catecholamine measurement?,3.248730377870139e-155
"A 45 year old female shows up at a clinic complaining of increased urination, increased taste and more than usual appetite, family history shows fatigue mother was a diabetic and died of complications of diabetes. Patient presented with edema and further examination reveals tremor of fingers following flexion, what is your provisional diagnosis given the clinical picture?",1.2491285035147514e-78
"A 65 year old man shows up in the ER with abdominal pain around the center of the tummy, a general feeling of unwellness and  high temperature of 38C or more (fever), what biochemical markers would you recommend for diagnosis and why?",0.03598611583761591
What is the worst case scenario for filler procedure?,1.3147476080054785e-78
What are allergic reactions and what can you do about them?,0.059279932725406825
Consider a scenario where a patient presents with symptoms of both bipolar disorder and borderline personality disorder. How can clinicians accurately differentiate between the two conditions?,0.051294193409802506
Picture a situation where a patient with a history of severe anxiety disorder experiences a sudden loss of a loved one. How can clinicians effectively assess and manage the potential exacerbation of anxiety symptoms during the grieving process?,0.026397121233333095
Antibiotics are usually given to patients who have a bacterial or fungal infection. What about those diseases that are usually caused by a virus?,0.046896003191442
HIV is a viral infection. Describe ways in which one can protect themselves from this virus.,7.325959233311055e-79
You are understaffed and short in resources and work in trauma how will you determine who gets what and who is referred to another hospital where they would have to go on another queue?,0.06398036774794721
How do you deal with hospital rules that can work against your patient if you let your yourself be emotional invested in them an their story?,8.449905047288481e-79
I have a patient who has prolactin levels 10 times higher than normal but does not have any other altered hormone profile and does not present obvious symptoms. What will be a possible diagnosis?,0.03977892655243078
"I have a patient with rosacea and severe acne, without any other symptoms, conventional treatments have not given results, what other treatment option could be taken?",1.0629621913969657e-78
"A 65 year-old woman presents with acute paresthesic pain in her left temple and cheek, suggestive of trigeminal nevralgia. She is already taking carbamazepine because of a personal history of epilepsy. Should the dose of carbamazepine be increased to try and control the pain, or should she be prescribed a different medication for pain control?",0.046997815250732385
"A 68 year-old male with resistant hypertension is already medicated with perindopril, indapamide, amlodipine, bisoprolol and rilmenidine at full dose, yet his blood pressure continues to be too high in the ABMP exam. He is asymptomatic. What should the approach be towards this patient's hypertension?",0.012998897153182146
What are the best treatment options for chest infection in patients with penicillin allergy?,9.087078449262944e-79
How would you approach a request to prescribe valproate in women of child bearing age?,2.996742036357914e-79
"In the field relying on brain psychology, how do they know when the hypothesis is going to give a good result?",5.868222334897075e-79
"The type of drug used for insomnia require prolonged use of them, can't it be solved using psychiatric scans and helmets used to read brain neurons?",0.029441093008491237
What are the newly invented medical interventions and treatments provided in an intensive care unit (ICU)?,0.054266068770005026
Many research show that Advanced Nurses Practitioners are more successful in their practice in intensive care. What is your thinking regarding the causes of this?,1.0142849878283196e-78
What are the possible areas of brain injury in a patient that has difficulty identifying a keychain visually?,0.05454553650737709
How would you determine the most effective treatment in a resistant infection?,0.10179370871672228
"A patient has high blood pressure reading everytime they go to a doctor's appointment, still the patient claims that when they are at home their blood pressure is always normal. How can we verify if this is true adn what would this mean?",9.170483739306363e-79
"A patient suffers from diabetes, they were instructed to take insulin everyday for that, even when the patient has been taking the insulin as instructed the blood sugar levels keep increasing. What could be the reason for this?",6.43826011795915e-79
What first-line tests would you request for the management of sarcoidosis?,2.6704468415851023e-155
"A middle-aged woman starts experiencing a persistent dry cough, fatigue, and shortness of breath. Over time, she also develops skin rashes, swollen lymph nodes, and joint pain. What differential diagnosis could you propose? ",2.784135787330768e-155
Are HPV-16 and HPV-18 the most common carcinogenic types?,0.13449322653372958
What is the most effective contraceptive method to avoid any type of sexually transmitted disease?,0.20262950651126987
"If a new pandemic arises, do you think that medical technologies and clinical research could have a new therapy against this ""hypothetical"" pandemic on-time?",0.05941954245107334
What is the outstanding role of advanced technologies used in Monitoring of clinical trials?,7.147498139522274e-79
"A patient with HIV goes to your clinic and you ask for a blood test, what kind of cells are affected?",1.4305033964486249e-78
"What is the diagnosis of a 10-year-old patient, with fever and intense pain, started periumbilical but is now located in the right iliac fossa?",0.21851281865799657
"If a child can't say the 's' sound, can that be changed?",0.053958260666332476
"If a child isn't speaking by the time they are 3, will they ever speak?",0.07773813278690732
What are modifiable risk factors for breast cancer?,0.05882888535387299
The occurrence of vulvoperinal condylomatosis in the university community has increased in the last 6 months. What preventive measure should be used to reduce the incidence of the disease?,0.05230234537403753
What type of genu valgum is normal?,0.0915923047523858
Explain how kinesiology tape reduces swelling.,0.041772146452116
What is the treatment of choice for a squamous cell carcinoma located at the palpebral margin of the eye?,0.29009846236933906
"A patient comes for consultation with burns over 25% of his body surface, of varying degrees all over his body, what is the indicated treatment for this patient?",7.373021240598104e-79
How do I say that I don't want to work with a patient who has been aggressive to me in the past?,0.0370553970791641
How do I say no to treating a patient?,0.09146079098314738
"In a hypercholesterolemic patient who has suffered an acute myocardial infarction, what is the target for LDL cholesterol?",0.12480162222800105
"You have a patient admitted for upper gastrointestinal bleeding, the endoscopy reveals a gastric ulcer in incisura angularis with a point of hematin and minimal traces of dark blood in the stomach. Biopsies of the ulcer margin and an antral biopsy are performed for the rapid urease test with a positive result. What is the next step?",2.6117091123977823e-155
A 20 year old male is suffering severe headaches with visual disturbances. Is it likely to be a brain tumour?,0.033892080422627965
"A 52 year old male is experiencing fatigue, night sweats and has lots of bruises. What is likely to cause this?",1.0098716933830958e-78
Would we be healthier if we switched from a reactive healthcare system to preventative?,9.858449001719194e-79
What potential problems could arise if we rely more on gene therapy with our current regulations?,6.452038733341738e-79
The doctor prescribes an intravenous therapy with the wrong dosage but I know which one is right and I postpone it. Is this wrong?,1.8188277290311434e-155
"I'm alone during the night shift because my colleagues are busy with other patients, a patient on isolation calls me urgently because he's sick. Can I go to the patient leaving no one to supervise the rest of the ward?",0.029562771199246586
What is an EHCP?,3.277614654059411e-155
What is Developmental Language Disorder?,0.06329172400180912
How do you work with resistance in psychotherapy?,2.6517744597115435e-155
"If you were faced with a patient who had multiple comorbid psychiatric disorders, how would you formulate a treatment plan?",0.021196097384656262
What happens if fat cells also immerses into tendons and not just muscle cells. will this affect connectivity and size of tendons?,1.476153650604852e-78
"If upper limbs suddenly become stronger than lower limbs, will people start walking on their hands?",0.04007445422503206
"Someone thinks they took their dosage of hypertension medications, and may have taken them again in the morning. They have dementia and cannot remember. What can be done?",3.7868721392381295e-155
"If the patient shows no physical symptoms, including tests, yet they state they are feeling unwell, what do you do?",0.028440562746905103
What should I do in the event I am attacked by a young person in care?,0.17121949783035492
What restrictions are there in fostering?,5.714644153679349e-79
"I'm a 50 year old female, in menopause. I feel pain in my right breast. Should I be concerned?",0.03616613103724688
"I'm a 67 year old man, with hypertension and I'm a heavy smoker. What exams should my doctor perform and what are some recommendations regarding prevention?",3.535433256571827e-155
Do you need a specialist portfolio to become BMS band 6 if you have master’s degree in Biomedical Science?,6.946044092941321e-79
You have two analysers. One breaks and you have to do some maintenance on the other one. How do you do it if you still have to test the urgent blood samples?,0.03011180558259229
"If Patient A is diagnosed with Multiple Sclerosis in Africa and they move to Canada, would their disease be worse or better? ",7.833043454704298e-79
"If Patient A takes a CGRP antagonist and a Gepant, would they benefit more than just having one medication?",5.203684330918391e-79
Which component of EMDR therapy has the biggest evidence for its efficacy?,0.050249467642151054
How can Rasch analysis inform the analysis of Patient Reported Outcome instruments?,0.06080132076178799
How can I perform lung function testing without putting strain or discomfort on the patient?,0.12121621070219306
Compare AI interpretation of test results accuracy to a health professional following the same standards for evaluation.,7.287278629502549e-79
"A male presents with jaw pain, central chest pain and a fear of doom. What is the likely diagnosis?",4.593294843808962e-155
A male presents with severe abdominal back and abdominal pain that is resistant to pain relief. What is the likely cause?,8.396889534777227e-79
Suppose I have a 30 year old lady of child bearing potential and has severe scarring acne vulgaris. She merits treatment for isotretinoin but refuses to have contraception. Is this acceptable?,0.04084539075902649
Suppose I have a 45 year old gentleman who has severe atopic eczema and has failed numerous systemic agents like ciclosporin and methotrexate.  He is also currently planning on fathering children. Is it reasonable to start him on dupilumab injections?,8.727275605468481e-79
"A case presented, 45 year old female, presents only some mild dyspnea, 4 hour evolution. She has a chest X-ray that was taken yesterday and you identify cardiomegaly. How do you measure the grades for cardiomegaly?",0.07980539701637121
How can we determine which artery is blocked in an AMI using an EKG?,0.037545350210830386
"A 33 year old male has presented with suicidal thoughts, self harm and a risk of violence towards others. Does he meet the criteria for sectioning under the mental health act?",0.012269177186656268
A 16 year old girl presents with typical symptoms of emotionally unstable personality disorder. What are these symptoms and is she eligible for diagnosis of this disorder?,0.04428169631175875
"You are stood down from a bit breathing job due to a caller stating a DNAR is in place but around 30 minutes later it comes out that the patient choked, with the DNAR excluding reversible causes. With the patient not breathing for over 30 minutes, the family not wanting resuscitation, what is the best action course? ",0.0619237667986695
A patient who has sustained an opioid arrest has now received narcan and is refusing hospital treatment or to leave the ambulance - is it correct to call police?,3.742416697117378e-155
"If a person shows stage fear, what could be the main reason and what can be the perfect solution for it?",0.025670613164485254
How can you understand the mind of a politician while his speech?,2.1367454887464844e-155
What are the neurotrophic effects of GnRH on motor neurons in the spinal cord?,0.055088431910898225
"If we apply GnRH to cultured neurons and observe neuritic growth, what would be the possible mechanism of action of this hormone on neurons?",3.574220450116369e-155
How can we support people through addiction and homelessness?,7.121138803999204e-79
"Which psycho-therapeutic approaches would you take with a client addicted to substances, traumatized by childhood abuse and having a dissociative personality disorder?",1.815346703069669e-155
What is the best type of socket for a diabetic amputee?,3.3553602554561567e-155
What is the best kind of suspension for an amputee?,0.037714989359604906
"A 76-year-old man who consulted for cognitive impairment, slowness and clumsiness of movements, of eight months of evolution. The family reports that the patient presented visual hallucinations, for which reason his Primary Care doctor prescribed low doses of risperidone, with a significant worsening of motor status. In view of these data, what is the most probable diagnosis?",9.808928824281052e-232
"A 29-year-old obese woman with no relevant history, who consulted for intense, bilateral, throbbing headache of one month's duration, accompanied by horizontal diplopia and episodes of monocular amaurosis lasting seconds. The examination is normal, except for the presence of bilateral papilledema. Which of these tests do you think will allow you to fully confirm your diagnosis?",6.709237460203354e-79
"A person with a learning disability is driving a car and hits a road user, will he or she be charged?",0.046932526359076285
"As a person supporting a disabled person, if the service user is agitated towards me and I retaliate, what are my chances against the law?",1.2968823512037168e-78
"I contracted a strain of Bacillus subtilis, which has a mutation in a gene. Therefore it cannot live well at 37 degrees Celsius. When I introduce a functional version of this gene to the mutant strain, it cannot recover itself and cannot live at 37 degrees Celsius. Is this possible?",0.10903931692423613
I found a protein expressed in both humans and Pseudomonas aeruginosa. They have quite similar protein structures but completely different sequences and functions. How could this happen?,2.5304364548073837e-155
"Under age girl going through labor about to give birth to her second child asks to have a permanent contraceptive method against her parents will, what do you do?",9.594503055152632e-232
"Patient that claims to be a jehovahs Witness in critical condition that urgently requires a blood transfusion but has not given his consent, what do you do?",5.023654709310092e-79
What's the best test for screening of diabetes mellitus type 2?,0.08228422927148245
Is serum antibody related to hashimoto's thiroiditis?,6.538535094403456e-79
"A kid refuses to brush his teeth and the parents feel helpless, how could I motivate the child to brush their teeth?",0.041569108855844944
Do cavities have a genetic cause?,0.026284543890208012
I have a patient with abdominal pain for 3 days. What is the protocol I should choose when the patient arrive to the CT scan?,2.1016998971350316e-155
I have a patient with a kidney stone. Should the patient do an ultrasound or a CT scan?,4.4417061794797757e-79
"Supose there is a 28yo male patient who presents with blood vomiting after attending his graduation party, which is the most likely cause of the bleeding? ",3.2557669559233496e-155
"Supose there is female 30yo patient who is pregnant of 32 weeks, she presents with moderate transvaginal bleeding and no other symptoms, what would be the best initial course of action to address this patient? ",7.304753900161817e-79
What is the best way to maintain a healthy body weight when you are already eating healthy and exercising but can't find positive results?,0.09098761063063435
Why are infant formula brands not necessarily promoted to pregnant and lactating women?,0.054290087521567575
What are auer rods? ,1.1073885460269312e-78
What's the difference between lymphocytic and myeloid leukemia? ,0.06635178959899014
A group of patients presenting with diarrhea 6 hours after eating out in a restaurant. The patients reported eating salads and meat. What are the most likely agents causing such disease? ,8.804363503668162e-232
A male with 80 years old presents with chronic cough for the last two years. What should you order to study the patient's condition?,8.005730954603009e-232
"There is a 3 years old kid, that was playing in the yard and fell from 2 meters, what would you do?",0.07012004328148978
"You have a 2 years old kid that hasn't reached his normal height, and he has a gasometry with metabolic acidosis, what else would you ask for if you are suspecting of renal tubular acidosis ?",1.975360502040727e-155
"A patient comes in with frequent asthmatic episodes, what should be monitored in such a patient?",0.040242346733610844
What are the steps in a cranial nerve exam?,0.018895059496106623
"If a doctor walking down the street sees a person collapse on the ground, what should he do?",0.07288268831614718
"If an obese patient who wants to lose weight goes to the doctor's office, what would be the first steps to follow?",0.022279725074574503
"A patient presents with low platelet count. All investigations done are inconclusive, what is the next step?",4.1110399151362835e-155
Imagine a patient presents with high grade fever. All the investigations done are negative and we are unable to find the cause of the fever. What could it be?,3.5930362724536327e-155
Can babies under 3 take lactulose?,0.06823265437250114
With hypertension can you take oral anti inflammatory?,0.09572096849087523
Can you summarize the standard procedure to treat a recurrent eczema on children? ,0.04515126836687638
"A 12 years old male patient is taken to the office by his mother. He was bitten by an animal 20 minutes ago, the mother has no idea what type of animal it was, what is the immediate treatment?",4.801881892181699e-155
"If a 90 year old male has high level of frailty, lives alone and high risk of falls, should he live home alone without a package of care? ",1.9614805462995086e-155
How does a family living in the north east of England seek support for their own mental health when they have a family member with memory problems but who is declining the diagnostic process for dementia?,0.029670202707230548
Who is the medical technology leader for Image guided therapy and where can I find data that supports that?,0.0492341552102328
Assume I wanted to come up with a new approach for treating heart diseases using image guided therapy system and i want to develop a brand new system. What would be the steps needed to assess the required development steps for such system?,4.520243330882904e-155
How can we prevent the next pandemic?,0.06066716501397806
How can one effectively manage a clinic and also ensure top notch patient care?,6.9271373434707e-79
How would you deal with a situation where you are being threatened physically?,0.03304193534978818
How do you plan on providing the best care possible without being unprofessional?,0.04395922960493513
What type of health supplies require approbation?,1.4337445667658664e-78
To what extent should there be regulations of medical devices?,8.836201654230089e-79
"A 45-year-old woman presents to her doctor with a one-month history of fatigue, shortness of breath, and easy bruising. She has no significant past medical history. A blood test reveals anemia, leukopenia, and thrombocytopenia. A bone marrow biopsy is performed and reveals chronic myeloid leukemia (CML). The patient is referred to a hematologist-oncologist for treatment. The hematologist-oncologist discusses the treatment options with the patient, which include tyrosine kinase inhibitors (TKIs), allogeneic stem cell transplantation, and supportive care. The patient decides to undergo treatment with TKIs. What are the advantages and disadvantages of treatment with TKIs for CML?",9.463030435548397e-79
"A 55-year-old man presents to his doctor with fatigue, shortness of breath, and easy bruising. He has no significant past medical history. A blood test reveals pancytopenia, which is a decrease in all three types of blood cells: red blood cells, white blood cells, and platelets. A bone marrow biopsy is performed and reveals acute myeloid leukemia (AML). The patient receives six cycles of chemotherapy over the course of six months. The chemotherapy is successful in shrinking the leukemia cells, but the patient develops a number of side effects, including fatigue, nausea, vomiting, and hair loss. After the chemotherapy is completed, the patient undergoes a stem cell transplant. The stem cells are donated by a matched sibling. The transplant is successful and the patient is able to go home. What are the potential side effects of chemotherapy and stem cell transplantation for the treatment of AML?",0.07113829059222412
"A female patient is experiencing recurrent urinary tract infections, she has been treated with cefadroxil for seven days but has not shown improvement. What is the correct course of action?",0.048519486250031205
Describe the pharmacokynetic differences of lansoprazole and omeprazole and make an argument for which one would be better for an elderly female patient with liver issues.,0.13615021269200914
What is the average human body temperature?,0.10624793541906813
"There is a spillage in my laboratory, and I just walked in to meet it. I don't know the chemical that was spilled, please direct me on the safest and important actions to take.",9.966150368347767e-232
36 year old starting medications for mental health issues - which are most like to cause Long QT on an ECG recording?,3.4630468477939763e-155
"I have a patient who has taken venlafaxine for 10 years and has recently stopped due to side effects and now wants a different kind of medication, except an SNRI. What other medication could I give this patient with less side effects but still efficacious?",0.04778173150770066
Can you provide me a list of inclusion criteria in a superiority clinical trial to study a new biphosphonate? ,0.07087831586122693
"30 year old female has an episode of syncope post 2nd COVID vaccine, has a history of palpitations and dizziness - what test would you suggest to be carried out?",1.7152701034435016e-78
A patient with low IQ has trouble sleeping but does not understand the risks of long term benzodiazepine usage. How can I explain it to her in simple terms and also suggest something different?,7.796045836800946e-79
Can you provide a list of all the different ADR classifications?,7.720899511627474e-232
Why do people become addicted to heroin?,4.901282508117304e-79
Can you tell me what I need to get the Industria Verde certification for a company in Ramos Arizpe?,3.034806411200272e-155
"My company, located in Mexico, fired a person that came to work with a level of alcohol in the blood of 0.009. This person is suing the company due to that decision. Can this person win the sue?",1.4644643145205612e-155
What advances have there been in detox methods for people addicted to alcohol over the last 20 years?,0.02307249670311862
"If the peak value in a virus culture occurs before the peak value of its pcr, what does that say about the virus?",0.09571706707556973
"In a ventilated, corrected gestation, 28+4 week baby with bidirectional PDA, what is the best way of closing the PDA non-surgically?",8.575709006964169e-79
How would you help a mom with her breast feeding fatigue?,0.024355074406160228
"A patient who is nil by mouth has snuck food in, what are the risk associated if they are due to have an operation in 1 hour?",3.2586191417121995e-155
A 52 year old male is seen as an outpatient with skin lesions that are suspicious of cutaneous T cell lymphoma. Biopsies are not diagnostic and he is instead kept under surveillance. At what point would you consider initiating treatment if further biopsies are equivocal? What parameters would be taken into consideration?,5.2052594258002605e-79
"Suppose a patient has recently undergone orthodontic treatment to straighten their teeth, but they are still experiencing bite problems and jaw pain. The patient is interested in exploring options for addressing these issues, but they are hesitant about undergoing further treatment. What are the potential causes of these symptoms, and what non-surgical options are available for addressing them?",0.04578821592739953
"A 21-year-old woman is going to undergo chemotherapy. The doctors do not assure that if she recovers she will be able to continue to be fertile, she may even have her uterus and ovaries removed. The woman does not have a steady partner now, but she communicates her desire to become a mother in the future. What can she do to preserve her fertility? ",0.04621925509218132
