Key,BERTScore
What are signs and study findings that would indicate follicular lymphoma has transformed to diffuse large B-cell lymphoma?,0.6312034726142883
A patient with a history of heart failure now presents with newly diagnosed metastatic HER2+ breast cancer. What is her recommended first line of treatment and what additional information should be discussed with the patient given her history of heart failure?,0.6651332974433899
What does research currently say regarding the use of cryotherapy to prevent peripheral neuropathy in patients receiving paclitaxel?,0.6914616227149963
"A patient with Ewing sarcoma of the femur is due for restaging scans while on VDC/IE after undergoing surgery which included the placement of hardware. Should the clinician order a CT, MRI, PET/CT or a combination of these scans? What patient factors may influence the clinician's decision?",0.6396914720535278
In which cases would be considered appropiate to treat an acute appendicitis with just antibiotic treatment?,0.6258111596107483
What is the prognosis of a case of triple negative ductal breast carcinoma?,0.6426409482955933
What are the possible therapeutic options for a inguinal hernia and which one has the best prognosis?,0.588935375213623
What would be the ideal diet recommendations for a 53 year old male with acute renal failure and hepatic failure?,0.5894259810447693
"What are the possible causes of a 7 days old newborn with yellowish color, seizures and altered mental status?",0.6651282906532288
What are the main signs of Langerhans cell histiocytosis in children?,0.5510529279708862
What's the part of the brain related with short term memory?,0.7480198740959167
According to Freud what is called the most primitive part of the brain?,0.7037814855575562
Name 3 types of therapies for a patient.,0.529693603515625
"A girl does not go on her periods for a month and is complaining that she feels tired most of the time and gets dizzy, Just recently she started vomiting especially in the morning. What do her symptoms suggest?",0.5943517684936523
What is a bacteria?,0.5809285640716553
A child was brought into the hospital and she was having a high fever and showing signs of boils on her mouth. What would be the first step in identifying the type of bacteria that is responsible for boils?,0.6577797532081604
What diseases are caused by pathogenic bacteria?,0.5985540747642517
Which type of hearing loss do you expect an ex miner to have?,0.5059580206871033
Can patients with unilateral hearing loss benefit from cochlear implant?,0.6622840762138367
A 3 month old baby was seen by an Audiologist.mom reported that he’s been pulling his ear a lot. The Audiologist did tympanommetry and got type B typos. What’s likely to be the problem?,0.6324267983436584
"With blood having different types of cells, why do you think blood is red?",0.737240731716156
"In an emergency room, 3 people are wheeled in, in different states or conditions, one being hit on the head with a glass bottle, one with a bone sticking out of their leg and the other with a abnormally high temperature. According to the emergency scale, who will be first priority?",0.7012391686439514
"In every health facility there are certain health standards that need to be maintained, one being putting people first before your needs. A patient walks in as you are about to go on a lunch break, and complains about waiting over 5 hours to be attended to and feels their sugar levels(as a Diabetic) has dropped significantly and feels nauseous. What do you as a health worker do?",0.6373538374900818
What is the most important factors for Nurses in Intensive care unit to deliver proper care?,0.46905335783958435
If we update our curriculum for the intensive care unit nurses will it benefit for us?,0.5249778032302856
What is your opinion for Advanced Nurses Practitioner In ICU?,0.6388683319091797
How does a COVID infection relate to anxiety and depression in previously healthy individuals?,0.6149914264678955
A patient with a retinal degeneration disease you've been treating for years approaches you after a sudden increase inquiring about regenerative medicine techniques being performed in Japan and asks if he can be treated with that therapy. What are the first steps to determining if that's a realistic possibility for the patient?,0.6931955814361572
"A 55 year old male patient describes the sudden appearance of a slight tremor and having noticed his handwriting getting smaller, what are the possible ways you'd find a diagnosis? ",0.6380900144577026
"Imagine a young man who frequently experiences extreme fatigue, joint pain, and a persistent butterfly-shaped rash across his face. He also notices recurrent mouth ulcers and sensitivity to sunlight. What is the most guiding symptom of a Lupus as a diagnose?",0.7261975407600403
What findings could be appear on the RxTx of the previous patient?,0.39661869406700134
"While administering tests for management of sarcoidosis, If immunoglobulins are negative, what differential diagnoses would you propose?",0.57525634765625
"HIV is highly prevalent in Africa, suppose there are more black people in Africa compared to other ethnic groups, could this be genetic disposition?",0.5273755192756653
What is the sexually transmitted disease HPV?,0.6370511651039124
"If a patient comes to the clinic after obtaining a positive result in a PCR test for HPV-16, what would be the recommendations?",0.6488789319992065
"If a patient comes to the office for genital warts, what would be the treatment that would be given?",0.5715867877006531
"Is ""Ethics Dumping"" still a common practice in less developed countries? ",0.6079648733139038
"Imagine a world without Bioethics in Clinical Research, what would be the role of the human being in this scenario?",0.5985727906227112
What are the most encountered barriers in clinical research related to Bioethics?,0.6625887751579285
What herbal drugs are licensed for SARS-CoV-2 treatment?,0.6685635447502136
Provide research sources of in vitro analysis of antiviral abilities of Nigerian herbs against sars cov 2.,0.48284801840782166
Protein Load is know to inhibit the antiviral ability of chlorous acid. Why does bovine serum albumin enhance it's antiviral effect in vitro? ,0.6769837737083435
What is the treatment for patients with bacterial tonsillitis who are allergic to penicillin?,0.6632924675941467
What sign is observed in the barium esophagram in patients with achalasia?,0.7665550708770752
What are the cardinal symptoms of laryngotracheitis?,0.6528796553611755
What is the contraception method of election when a woman can't take estrogen?,0.6814498901367188
"A 6-month-old patient is taken to consult by his mother, who reports delayed growth in her son, as well as changes in the dentition, recurrent vomiting, uncoordinated movements, and difficult-to-control seizures. On physical examination, she is noted to have seborrheic skin, microcephaly, and a promiscuous jaw. Based on the clinical data presented by the patient, what syndrome does the patient present?",0.5929074287414551
"A 38-year-old woman who was traveling standing on a bus, supported by a vertical tube, when the bus hits head-on, she is projected forward without letting go of the tube, causing abduction and lateral rotation of the right shoulder. She presents very intense pain in the shoulder, with functional disability of the extremity. She is taken to the emergency department 1.5 hours after the accident, with his right arm next to her body, holding her forearm with his left hand. She is given immediate treatment and is immobilized for 3 weeks. Based on the mechanism of injury, the probable diagnosis in this patient is:",0.42026153206825256
"During a squat, if the knees fall inwards which muscle are weak?",0.6736584901809692
If a patient's X ray has dark spots on the chest what does it mean?,0.5205252766609192
Describe treatment methods of congenital Talipes equinovarus.,0.6309884786605835
What are the most common injuries in childhood among Hispanic families?,0.5355770587921143
A 60 years old woman comes to the office asking for pain medication. She has a history of opioid addiction and uncontrolled high blood pressure. Under what circumstances I should referred her to the hospital? ,0.6070298552513123
"A 27 year old male comes to the office after finding an insect inside of his left ear canal. Legs are visible and it is alive, every time it moves it provokes pain to the patient. How should I remove the insect without harming my patient or the eardrum?",0.6250851154327393
How much tumor free margin should be left in a melanoma more than 6mm deep?,0.7111911177635193
What is the treatment of choice for a basal cell carcinoma located at the palpebral margin of the eye?,0.6493929028511047
"Suppose a 22 year old patient comes to the clinic with microcalcifications in both breasts, with family members diagnosed with breast cancer, at what age should a mastography be started?",0.6140221357345581
What kind of advice can I give to a parent with a child with vocal nodules?,0.6248781085014343
What classroom strategies are there for DLD?,0.6322428584098816
What kind of advice can I give to a parent with a child with ADHD and a speech disorder?,0.6619534492492676
What is the diagnostic criteria for Anorexia Nervosa?,0.7844727039337158
What is the evidence base for CBT for depression?,0.5972700715065002
"If you were supervising a clinical team, how would you work with a team member who was defensive about feedback?",0.6061664819717407
What is the condition that is associated with Carhartt’s Notch?,0.4984385073184967
What are the two types of hearing loss?,0.6493264436721802
A patient is suffering from vertigo and tinnitus. What would you advice them to do to alleviate the symptoms?,0.6188164949417114
Is there any difference in time of threatment of patients COVID+ who were using pulmonary rehabilitation and those who did not?,0.6910630464553833
Imagine you have a patient after hip surgery (14days passed) write me a rehabilitation plan for this patient.,0.5912640690803528
What is the treatment for blood vessel clogging?,0.6327455639839172
What do you think the future of image guided therapy is?,0.6051928997039795
How can AI better support image guided therapy procedures? What could be the approach or use of AI of heart treatment?,0.6646895408630371
What is the first step to do in a patient with a VF?,0.5988194346427917
Which surgery would be the best option for a patient with central stenosis that epidural injections failed?,0.6847953200340271
How to treat a patient with 80% of his body with 3rd grade burnings?,0.5429737567901611
A patient is allergic to the only medication suitable for curing them. What do you do?,0.6461766362190247
Do toxic chemicals become more or less toxic when they expire?,0.6661577820777893
What is the interaction between Anaerobyl and Alcohol on the human system?,0.665255606174469
"New born to term. At minute 1, heart rate: 120 beats per minute, vigorous crying, pink color, limbs with good tone, slight expiratory groan. What APGAR score does this patient have?",0.5974633097648621
"7-year-old female, fever 38.2, cough with sputum, tonsillar hypertrophy, cervical adenopathies. Mention the best handling for this patient.",0.5996190905570984
Mention the clinical importance of the  tricarboxylic acid cycle and why medical students need to study it.,0.6105599403381348
"If the patient shows multiple symptoms indicating 3 diseases, how do we closely determine and eradicate the diseases?",0.612514078617096
How can we reduce patient surgery backlog in Canada?,0.542014479637146
"If a patient is allergic to a medicinal ingredient that is the only cure for their disease, how can we ensure patient safety during diagnosis and treatment?",0.6388432383537292
Is it possible to compound intrathecal methotrexat?,0.5559110045433044
"Suppose there is a 3 years old patient with asthma crisis management, history of severe asthma crisis. Is it recomended for them to be hospitalized?",0.6079556345939636
What's the best treatment option for an asthma crisis on a pediatric patient?,0.5832977890968323
"Suppose there is a 12 year old with suicide attempted, is it recommendable to do a psychiatrist intervention?",0.6806109547615051
Imagine we have a Patient Reported Outcome questionnaire that measures quality of life and has 3 different dimensions. What would be the best approach to analyzing the item adequacy of this instrument?,0.6067342162132263
Imagine we have a patient with a diagnosis of severe depression. What would be the best combination of treatments that could improve his mental health status?,0.634463369846344
How the 3rd generation therapies in psychology an improvement compared to the previous ones?,0.6815023422241211
"56 year old, male patient, rushed to the ER for presenting symptoms such as: tachycardia, diaphoresis, dyspnea, and a strong pain on his chest that irradiates to his chin and left arm. What is the most likely diagnosis and what tests are essential for this patient?",0.6194538474082947
Which drug for cardiac insufficiency is contraindicated in a patient that has kidney failure? ,0.553107500076294
"67 year old male, refers to present chest pain and dyspnea that appears when he walks 2 or 3 blocks, he has had this symptoms for 3 weeks so far, he has diabetes type 2 that was diagnosed 15 years ago and uses insulin to treat it, but does not follow his schedule and takes it whenever he remembers to, also had AIM 3 years ago. What is the diagnosis for this patient and mention 3 differential diagnosis?",0.6845095753669739
What legislation underpins assessment of children with disabilities for social care support?,0.6629152894020081
How should I engage with a non-verbal child to gather their views?,0.651410698890686
Should buyers of antibiotics also be recommended protective drugs containing bacterial cultures?,0.6629699468612671
Should expectorant or antitussive syrup be recommended for a wet cough?,0.6137002110481262
What can severe pain in the right side of the belly button indicate?,0.6599205136299133
Sickle cells are characteristic from which kind of disease?,0.35425764322280884
"Patient with high level of glucose in fasting conditions but after the screening test does not show increased level of it, could they be considered diabetic?",0.5801795721054077
How can we treat infection caused by Neisseria gonorrhoeae?,0.613142728805542
"Thinking that we want to design an experiment with 3 groups, in which we observe significant differences, what would be the appropriate number of animals that we need to use?",0.5461851358413696
"In your experience, what are the most appropriate treatments for a patient with sciatic nerve injury?",0.6552790999412537
What is your opinion on the spontaneous regeneration of axons in the peripheral nervous system?,0.618850588798523
Indicate the correct dosage range of ibuprofen for a child of age 9 and 32 kilos.,0.6861733794212341
"A patient has prescribed losartan and bisoprolol to treat their hypertension, however, they have developed an allergy to one of the excipients of bisoprolol. What is the correct course of action to take by the pharmacist?",0.7080238461494446
Design an algorithm of hypertension drugs to help the clinician make the best medication choice according to the patient and their health characteristics.,0.5562410950660706
"A counselor has a client who has come to counseling to process a particularly difficult relationship breakdown.  After numerous sessions the counsellor realises that they are counselling both people involved in the relationship breakup, thus there is a conflict of interest. What does the counselor do?",0.5465648770332336
What are the common approaches to coping with periods of acute dis-regulation?,0.625632643699646
"A client who has a feeling that they have been abused in childhood, has no real memory of the abuse and struggles with emotional dis-regulation in adulthood, cannot form lasting bonds with people, is of a dissorganised attachment style, has come to therapy to work on understanding the abuse they may have experienced in childhood with the hope that this will make them better. What are the steps a therapist must take in providing a secure and safe environment for the client to begin to address their trauma?",0.6156203746795654
Teach me PCR in three sentences.,0.680236279964447
"The prevalence of malaria in Africa is tied to its disease vector control, what are the possible potential options that can be explored in the eradication of malaria in Africa?",0.5580483675003052
"I am a new intern in the blood transfusion laboratory, please write a standard SOP for me for preparing a fresh frozen plasma.",0.5897454619407654
Should we inform patients that homeopathic medicines don't work?,0.6340770721435547
Why we do not check exact ingredients of dietary supplements?,0.5474371910095215
Patient comes everyday and buys OTC medicine with an ingredient that is addictive. What can I do?,0.6116390824317932
When would you start antibiotic in a acute pharingitis?,0.6400056481361389
What is the first radiological sign of fetal death?,0.532238245010376
What is the initial treatment for anal fissures?,0.66651451587677
"A patient who is a smoker has a lesion on his mouth that causes pain, could it be a carcinoma?",0.6789789199829102
What is the best anesthesia for diabetic patients?,0.5070614218711853
How does smoking affect periodontal disease?,0.6602706909179688
How can a clinician confirm that a patient with a headache has subarachnoid hemorrhage ?,0.5969986319541931
When does a chronic lympocytic leukemia transform to a diffuse large b cell lymphoma?,0.5905773043632507
A 30 year old primigravid pregnant woman walks into the clinic complaining of intense contractions that last. How can a physician differentiate between true onset of labour and braxton hicks contractions?,0.6438358426094055
What are the most common translocations associated with chronic myeloid leukemia? ,0.7430311441421509
My child has been having easy bruising and fatigue for the past 6 months. Recently his labs came back and his total lymphocyte count was elevated. The diagnosis given to me by the doctor was acute lymphoblastic leukemia. What is it and what is the prognosis? ? ,0.6545271873474121
"Give that I'm 23 years old, smoking 12 cigarettes daily for the past three years, with history of dyslipidemia, which types of cancer am I most prone to get? ",0.6026622653007507
What are signs of a patient experiencing sepsis?,0.5527021288871765
"If a patient comes in having shortness of breath, what are potential treatment options?",0.6280566453933716
"A patient comes in with shortness of breath and pulmonary oedema, what are the differental diagonosis?",0.5651133060455322
"How can we classify studies conducted by transgender people? As the gender they define themselves as or as a separate category, transgender people?",0.6100594401359558
"A patient with early dementia. This person is being given all possible care and is living a happy life surrounded by family members who are helping him through the process. The problem is that the patient has made a provision in his living will that if at any time his dementia becomes limiting, he will request euthanasia. That moment will come, but this person is happy now. Should the decision he made when he was mentally fit be applied, or, taking into account that he is happy, should he be allowed to live longer?",0.609700083732605
"A person who does not like working with people but is passionate about medicine. Knowing that he/she will not be happy practicing, is it worthwhile for him/her to finish such a difficult career just for vocation? ",0.6495381593704224
"A patient receiving treatment including cisplatin, paclitaxel, and pembrolizumab develops worsening shortness of breath one week after her third dose of treatment. What possible problems could she have developed and what should studies should be included in her initial workup?",0.6156215667724609
What is the impact of consultation duration in efficacy of health results obtained in the long term? Where can I find more information to help me gauge the impact of the amount of time spent with the patient in each consultation?,0.5099040865898132
"When a patient is started on biologic medications, it is important to rule out latent infections like tuberculosis, and complete certain vaccination schemes. Can you compile which of these attitudes are recommended for each different biologic treatment used in rheumatology?",0.517619788646698
"In a 55 year-old patient whose cardiovascular risk factors are dislipidemia (assume a c-LDL of 150 mg/dL) and smoking (assume 20 cigarettes/day, for 20 years), if you could only choose one, which of the following would have a greater impact in reducing cardiovascular risk: smoking cessation, or starting atorvastatin 20 mg, once daily?",0.5312095880508423
How often should I brush and floss my teeth?,0.6559492349624634
Should you put bond when you do fissure sealants?,0.6526322960853577
Should you extract third molars prolifically?,0.6305130124092102
Which PPI should not be given with clopidogrel?,0.6581481695175171
When someone takes warfarin what are the vegetables that should be avoided?,0.6900677680969238
What are the side effects of ACEIs?,0.6574684381484985
Does the medical field require one to be consumed by drugs rather than holistic medicines?,0.6298893094062805
Do you think cognitive behavioural therapy can work for psychosis?,0.6320632100105286
How do you adapt cognitive stimulation therapy for individuals with a learning disability?,0.6273069977760315
Which books are the best for child and youth psychiatry?,0.6179606318473816
What is known about the switch that occurs between patients with latent HIV and active infection?,0.5969991683959961
What has caused the recent stock problems in HRT?,0.5629720091819763
How long will it take for a child to speak with therapy?,0.6956920027732849
What would be the best methodological approach to study microRNAs as therapeutic targets in HIV patients?,0.6531763076782227
Why do people look down on healthcare workers?,0.6277775168418884
What's the best treatment for fibromyalgia?,0.6975030303001404
What is the mechanism of action of the drug warfarin and how does it interact with other medications?,0.5592533349990845
What is your opinion on euthanasia?,0.6042996644973755
What are some early detection methods for Glomus tympanum?,0.5991185903549194
What the exact differences are between the male and the female brain?,0.6165716648101807
A person who has been unemployed for 20 years due to mental health problems would like to get a job. What support might you offer?,0.6417625546455383
"What are the differential diagnosis for a patient who presents with fever, respiratory distress and high blood pressure?",0.5795694589614868
Which options for therapy are there for ADHD in children?,0.6376318335533142
How can you manage your patient expectations?,0.586689829826355
What cardiac condition affects neonates born to diabetic mothers?,0.6206364035606384
What is known about DNA methylation profiles in patients with latent HIV-1 or with an active infection?,0.5226531028747559
Does foot ulcer need a diet change rather than using iodine based medicines for it?,0.6609047651290894
A patient presents to your clinic with a first episode psychosis. What are the NICE recommended treatments for this issue?,0.6121799945831299
How would you deal with a potentially abusive coworker?,0.5510264039039612
"In the context of immune related blistering skin disorders, what are the potential causes for a false positive skin antibody on a blood test?",0.6561425924301147
What are the most effective therapeutic interventions for treating depression?,0.6427149176597595
How do you approach a doctor as a nurse if you think he administered a wrong medication for the symptoms of the patient? ,0.596127450466156
How do I explain the difference between a language disorder and a language delay?,0.6221033930778503
"In status epilepticus after 1st and 2nd line treatment with benzodiazepines, should I load the patient with phenytoin or levetiracetam?",0.6485400795936584
Can nurses in Italy prescribe and administer low-risk drugs?,0.6078222990036011
What are the risks from a brucella culture within pathology lab?,0.5416293740272522
Compare behavioral testing to OAE or tympanometry in children.,0.6700614094734192
What are the symptoms of sepsis?,0.5978792309761047
What are the outcomes of using hyaluronidase?,0.593201756477356
A mother presents to my clinic wishing to know whether taking the pertussis vaccine during pregnancy will in anyway minimize her unborn child's chances of being hospitalized with pertussis. What is the efficacy of the maternal pertussis vaccine in infant hospitalization?,0.5842011570930481
How will the NHS england directed TA for covid medication and prescribing affect primary care in England?,0.4679953157901764
What are the differences between the different birth control devices that actually exist?,0.5707893967628479
How to give the news of the death of a patient to his close relative?,0.5890132188796997
Can you summarize the krebs cycle?,0.6880728602409363
How do I assess competence for decision making in a child in a child who is too young to apply the Mental Capacity Act?,0.6075685620307922
Are there side effects to the use of botox?,0.622115969657898
What kind of impact does social media have on patients with anorexia?,0.5684109330177307
How do you deal with a patient who is sick but has no pointed symptoms and no health record?,0.6401994824409485
Describes Hodge's blueprints.,0.44960156083106995
What is the best way to store my medication to ensure its potency and safety?,0.648300051689148
"When providing intrapartum care, a midwife can prescribe appropriate pain relief. True or false?",0.23499161005020142
How would you do treat a psychotic crisis?,0.4897353947162628
"A nine year old girl with severe ADHD has already tried all drugs that are allowed for children. None of them was sucessful. There was no benefit from the drugs, but many negative side effects from on just a little dose. What else can I try, if an ADHD patient isn't responding to any drug?",0.5806049704551697
What is the treatment for grade 2 prostate carcinoma?,0.6077142953872681
Is the difference in duties and responsibilities between nurses working in different states justifiable?,0.6647965312004089
What is the prozone error and how does it affect the blood test?,0.6650800704956055
What are the symptoms of a myocardial infarction?,0.6780490279197693
Is one's sphingolipid mileu a factor in psoriasis?,0.7094974517822266
Why do some patients respond to one CGRP antagonist well but not another from the same medication class?,0.619804322719574
What is the difference between the migraine CGRP antagonists? ,0.594865083694458
"If I have a patient who has chronic migraine and has failed all the available prophylactics' medications, what do I do?",0.6464762091636658
What are the symptoms of an abdominal aortic aneurysm?,0.6782686710357666
Do the medicines used for diabetes foot ulcer work?,0.6371955275535583
What is the ICD-10 classification of severe depression without psychotic symptoms?,0.8804235458374023
How many cardiology subspecialties are there?,0.722243070602417
Can you tell me what is the best way to get an informed consent?,0.6597099304199219
"Gestational diabetes is a complex medical condition which can present in many ways during pregnancies, what makes an individual more likely to develop this in pregnancy?",0.6262197494506836
Which symptoms describes an autistic disorder?,0.5533584356307983
How would you promote dignity and respect in care?,0.5357080698013306
How do you manage a desmoplastic blue naevus?,0.6419481635093689
Who should a patient be referred to if a bloodwork shows high protein levels in the blood?,0.6464313268661499
What is the best diet for general longevity?,0.6000723838806152
Why is the category of nurses in Italy little recognized unlike doctors?,0.6121487617492676
At which gestation is the Nuchal screening offered routinely?,0.6674728393554688
Can an adhesive capsulitis develop from an osteoarthritic shoulder?,0.5391995310783386
Why are left-handed people stronger using their right hand?,0.7209072709083557
Is metamizol superior than other medications in treating osteoarthicular pain?,0.5533408522605896
"I'm a 60 year old patient, with hypertension and obesity. How low should my LDL be?",0.7799944281578064
What is the reliability of ABR testing for testing toxicity?,0.4947069585323334
What is the recommended medication to prescribe for a first episode of psychosis?,0.7581098079681396
"How do you decide who to put in extra care or try to save, if you are under staffed and 3 people walk in with different injuries, a 10 year old with a head injury, 45 year old women bleeding internal and a 70 year old man with a broken hip?",0.6180936098098755
What level of insurance should pharmacists working in prinary care get if they are not prescribers?,0.5445310473442078
What is the average salary for a biochemist in NYC?,0.7801178097724915
How would you be sure to provide discretion and adhere to dpi guidelines?,0.5227706432342529
What is the difference between a drug's pharmacokinetics and pharmacodynamics?,0.6885679364204407
"A patient has presented with low mood, insomnia and anhedonia. Upon assessment they disclose other periods of heightened mood, impulsivity and reduced inhibitions.What are the possible diagnoses? ",0.6744158267974854
What would be the symptoms for an urinary tract infection?,0.6400510668754578
Should I use the AVUK strategies with my deaf patient?,0.6269775629043579
What are the differences between Acute myeloid leukemia and Chronic myeloid leukemia?,0.6163390278816223
What are the differences between professions about patients returning as volunteers?,0.6181343197822571
How do you tell the difference between adhesive capsulitis and an osteoarthritic shoulder?,0.5881853699684143
Is rorshach test a good IQ measurement?,0.7438860535621643
What is the diagnosis? A patient was presented with the rush and their blood was grossly haemolysed.,0.5931360125541687
Can we ever eliminate all mental illness?,0.6720705628395081
Please provide an approach to the management of a convulsing child.,0.5702055096626282
What is the best type of epidemiological study to assess the causal association between a risk factor and a given disease?,0.5732308626174927
Is cancer curable?,0.5745922923088074
What criteria would you use to ensure safe discharge of a child with bronchiolitis?,0.5156694650650024
"A 37-year old woman who lives alone has rheumatoid arthritis, affecting her grip. What meaningful activities might this impact and how could they be adapted?",0.5644724369049072
What are the risks of inserting a nasogastric tube during a night shift?,0.670582115650177
What is the best biological agent for treatment of hidradenitis suppurativa having failed adalimumab?,0.6259753704071045
"An 80-year-old man is admitted for a sudden episode of aphasia and right hemiparesis. As antecedents, hypertension stands out, well controlled with diet and cognitive deterioration in the last year under study by his neurologist. Emergency head CT showed a left frontal lobar hematoma without contrast enhancement. What is the most likely cause of the bruise?",0.6670701503753662
How can you find out if a person has childhood traumas?,0.5896148681640625
Why some bacteria could cause deadly infections in some people while others can recover quickly?,0.6104127764701843
What could be the possible cause of dementia?,0.6310720443725586
"Motor symptoms in Parkinson's disease predominate and define this entity. However, the symptoms in other spheres are sometimes very relevant and are called by the general name of ""Non-motor manifestations of Parkinson's disease"". Which of the following is considered a non-motor symptom of Parkinson's disease?",0.4106200337409973
What percentage of Pseudomonas aeruginosa strains do not confer natural resistance to kanamycin?,0.8652955889701843
Tell me about the mechanisms of graft versus host disease (GVHD) in bone marrow transplant patients.,0.6377918124198914
Is a microprocessor controlled foot worth it?,0.6823967695236206
What is the most efficient way to handle local falls pathways? ,0.5399553775787354
Can we give paracetamol to a cat?,0.6186620593070984
Why do some antibiotic-resistance genes in bacteria also involved in metabolic metabolisms?,0.6947546601295471
What are the potential benefits and risks of using stem cells to treat haematological disorders?,0.627926766872406
What is the best most varied option for elective placement? ,0.6429145932197571
What is the perfect solution for an unhealthy family life? ,0.6266812086105347
How can I support caring for those experiencing malnutrition in the community? ,0.6076433658599854
Can you please provide a list of appropriate resources showing best practice in treatment of anxiety?,0.5118817687034607
"A 40-year-old woman who consulted for approximately 20 episodes a day of intense, left periocular pain lasting 15 minutes, accompanied by intense tearing and runny nose. His scan and MRI are normal. What treatment of choice would it be?",0.5588694214820862
What is the best material for insoles?,0.5304222702980042
Can a diabetic person take medical products with any kind of sucrose?,0.7771311402320862
What should be the first response to an epilectic seizure?,0.7372788786888123
Can low mobility amputeed benefit from a microprocessor controled knee?,0.7123470902442932
Why should we give fludarabine and cytarabine 4 hours apart when giving these chemotherapy drugs to a patient?,0.6387998461723328
Do I need to fast to have a CT scan? And how about a MRI scan?,0.5727666020393372
Why do pregnant women often suffer from iron deficiency?,0.6277437210083008
What is the physiopathology of asthma? ,0.6538610458374023
"What processes need to take place after a suspicious death of a patient who is a recovering heroin addict, where suicide is suspected?",0.5791229009628296
Short right hand and short right leg of newborn and having one kidney at the time of birth what will be the root of this problem?,0.6619677543640137
How effective is cognitive behaviour therapy in the treatment of recovering opiate addicts?,0.6641093492507935
Why does the T wave on the EKG is a positive wave if it represents the repolarization of the ventricles?,0.6835417747497559
What are the intervention strategies to recommend for people with hypertension?,0.6242895126342773
A female patient presents in the ER with pain in the leg and trouble breathing. The patient had a 7-hour flight in the previous day. What is the most recommended course of action here?,0.6723613142967224
What would be the best way to address a case of eating behavior disorder in the medical consultation?,0.6401649117469788
"Dates can cure diabetes, then why do they also increase the blood sugar level? ",0.7462223768234253
"Where can a client go for help if they find themselves addicted to crack cocaine, are being physically abused by their dealer and have recently become homeless?",0.621676504611969
What is the time to detect a tromboembolism in CT scan after contrast injection?,0.6727469563484192
"DNA diseases in newborns are increasing, what could be the cause of it? ",0.659710705280304
"In the mexican labour law, what is the maximum level of alcohol allowed a person can have in the blood while working?",0.5712003707885742
Where can I find more information about asthma treatment?,0.6730638742446899
"A male, 30 years-old, referred to the ER after his oncologist noted a rash that appeared three months after the patient started chemotherapy for colon cancer. The patient has a rash that is painful and on the right side of the thorax. What is the most likely diagnosis?",0.6204385757446289
What information is currently available on the prognosis of angiosarcomas?,0.6194760203361511
When does it changes from being a Stevens Johnson's Syndrome to a toxic epidermal necrolysis?,0.7024942636489868
"A patient with community-acquired pneumonia, without any alarm signs, CURB-65 of 0. He refers he has had an allergic reaction to penicillin and macrolids in the past. What are the available options for antibiotherapy in this patient?",0.7089100480079651
What is the treatment for a perianal abscess?,0.6589138507843018
At what age kids can make a three block tower? ,0.6174144744873047
"In mexico, what is the official definition of a disability (discapacity)?",0.7038671374320984
"My company, located in Coahuila,  Mexico has 3 processesthat cause emissions to atmosphere. Can I direct those emissions in 1 single chimney or do I need 3 chimneys? What does the law requires?",0.6190720200538635
Do you think metformin causes a vitamin B deficiency?,0.7113434076309204
What is the difference between concomitant medication and past drugs?,0.6646949648857117
Does pulsed fluoroscopy has more radiation than continuous fluoroscopy?,0.6689024567604065
What kind of endpoints are preffered in phase 3 of a clinical trial?,0.6853847503662109
Can you estimate the impact of switching elderly patients to a drug classified by STOPP criteria?,0.6421003341674805
Where can I learn about the etiology of high blood preassure on the majority of the cases?,0.709650456905365
What are the possible causes of pleural effusion in a 56yo patient?,0.6666304469108582
How does medications affect the absorption and availability of nutrients in the human body?,0.7064536809921265
What is the mechanism in what tacrolimus acts? ,0.6674857139587402
"In the case of active pyoderma gangrenosum and associated active myeloma with pancytopenia, what approaches could you take when treating? Would there be any benefit in treating one before the other?",0.6058222651481628
What are the lessons we could learn from the different ways hospitals globally mitigated the inpatient spread of Covid 19? Could you summarise the available literature?,0.5712650418281555
Why would a 26 year old female have chronically low cortisol despite already having a cortisol infusion running?,0.7092004418373108
"Suppose a patient is complaining of foul smelling vaginal discharge and burning urination, what is the patient suffering from?",0.6885831356048584
What are the different ways to protect oneself from getting infected with the Covid-19 vaccine?,0.5883071422576904
What do you think about teenage pregnancy?,0.6308150887489319
How much blood is inside a human body?,0.6513833403587341
A family walks in a hospital with different symptoms claiming to suspect TB because of living conditions. What is the first response as the medical team?,0.5653364658355713
"With the brain mainly known for its function as to think, what does the brain do besides think?",0.5938489437103271
When would you advise a patient for bypass instead of stenting and medical therapy?,0.6740080714225769
Define the reasons an exercise stress test would be beneficial to a patient post PCI.,0.6420849561691284
What are the benefits of using myocardial perfusion imaging prior to angio?,0.6352299451828003
Where can I get detailed protocols for microRNA analysis?,0.4957531988620758
MicroRNAs are fairly new with a lot of conflicting findings reported across studies. What is the clinical feasibility of adopting microRNAs as biomarkers for disease diagnosis and prognosis?,0.6123670935630798
What are common causes of iron deficiency?,0.668569028377533
What are the first rank symptoms of schizophrenia?,0.5961897969245911
"A 65 year old patient with severe depression becomes mute. Their oral intake and functioning deteriorates markedly, and their depression appears to be treatment resistant. What treatment would you recommend in this scenario?",0.6021504402160645
"A 25 year old male is 6 months into their recovery journey post-psychotic episode. They are lethargic and motivated, and appear to be presenting with negative symptoms of psychosis. What treatment would you recommend in this instance?",0.5979020595550537
How do bacterial infection predispose one to cancers?,0.4998972713947296
How does automation in laboratories affect the final diagnosis produces?,0.5781388282775879
"In the United Kingdom, what is the average age of onset for alcohol related dementia?",0.4875762164592743
"What is the best way to support a person living with dementia to remain in their own home when they have problems with night time waking, increased falls risk and no family support?",0.5987999439239502
How can I find more information on equipment and adaptations that NHS mental health professionals in the County Durham area can order for their patients?,0.7533195614814758
Imagine you have a patient after knee surgery (14days passed) write me a rehabilitation plan for this patient.,0.6107977628707886
List me 10 basic exercises for pulmonary rehabilitation.,0.4606287181377411
Is there any resources which provide information that using PR threatment in rehabilitation of patients after orthopaedic surgeries is faster than normal?,0.6632295846939087
What would the best option of treatment for a resistent UTI?,0.5706520080566406
What would be the treatment for a post meno patient with breast cancer with no hormone receptors and the patient also has liver damage due to chemo therapy?,0.6421963572502136
What are the best antibiotics for a patient that is allergic to penicilins?,0.6811461448669434
What does the APGAR scale assess?,0.665302574634552
Briefly list what contributions Antoine Lavoisiere provided to surgery.,0.6698859333992004
Describe and justify your opinion about the morality of abortion.,0.5807116031646729
How could I best treat a borderline patient with PTSD who has trouble sleeping but refuses any form of medication other than benzodiazepines?,0.4786731004714966
I would like your opinion on acceptance and commitment therapy for personality disorders.,0.5514573454856873
How can I treat a patient suffering from long term depression who is not responding to SSRI’s nor SNRI’s and has diabetes and heart problems?,0.5728440284729004
What is the most expensive chemo drug used in the UK?,0.4721587002277374
"When telling patients that their last round of chemo is falling and would advise them to stop chemo, what is the best way to approach my patient when they hoped this last round would work?",0.5587759017944336
What is the method of use for morphine?,0.5484748482704163
Is it suggested to conduct a head CT scan for every head trauma case?,0.5894182324409485
What's the treatment suggested for a four year old with head trauma?,0.6432397961616516
What's the best aproach on panic attack on pediatric patient?,0.5424764752388
Why would a child be removed from their parents care?,0.6536698937416077
"There is another team who I am working alongside but they don't agree with the course of action I have recommended, how do I get them involved?",0.5832427144050598
I am working with a family and I am not sure why the parents aren't doing what I have asked them to do. Can you give me some ideas on how to approach this please?,0.575329601764679
Can a person without one kidney take ibuprofen?,0.6252526640892029
"A 70 years old lady come to the pharmacy to take prescription medication, and doesn't know when to take the pills. Where can I guide her to find out that information?",0.6243000626564026
An 8 year old kid comes to the pharmacy with a severe rash on the torso. The medical record shows that he already had contact with the varicela-zoster virus. What should be the first approach?,0.5112274885177612
"A patient with metastatic lung cancer, currently receiving treatment with carboplatin, paclitaxel, and pembrolizumab develops sudden worsening of dyspnea. What are the possible causes of dyspnea and what would the initial workup include?",0.6061977744102478
"If a 48 year old woman is found to have an esophageal carcinoma that invades the muscularis propria and has regional lymph node metastases but no distant metastasis, what is her stage of cancer and what are possible recommended treatment?",0.6522207260131836
"A patient receiving neoadjuvant FOLFIRINOX for treatment of borderline resectable pancreatic cancer presents for her second cycle of treatment. She complains of uncontrolled nausea with cycle 1 of treatment. She received premedications including Aloxi, aprepitant, dexamethasone, and atropine last cycle, followed by oxaliplatin, irinotecan, leucovorin, and 5FU at 100% recommended dosages. She used zofran and prochlorperazine as needed for nausea at home. What changes to her regimen in clinic or additional medications for home would you recommend to help reduce her nausea with cycle 2?",0.6331687569618225
What does EPRR stand for?,0.8280962705612183
"What at the benefits and consequences of the rise of at-home, or direct-to-patient testing kits in patient care?",0.5947144031524658
What are the ethical implications of increased non-invasive pre-natal testing?,0.5843438506126404
Why do people develop resistance to monoclonal anti-TNF therapies?,0.6787301301956177
What is the clinical use of catecholamine measurement?,0.6561939120292664
"A 45 year old female shows up at a clinic complaining of increased urination, increased taste and more than usual appetite, family history shows fatigue mother was a diabetic and died of complications of diabetes. Patient presented with edema and further examination reveals tremor of fingers following flexion, what is your provisional diagnosis given the clinical picture?",0.6842584609985352
"A 65 year old man shows up in the ER with abdominal pain around the center of the tummy, a general feeling of unwellness and  high temperature of 38C or more (fever), what biochemical markers would you recommend for diagnosis and why?",0.6490523815155029
What is the worst case scenario for filler procedure?,0.6384623050689697
What are allergic reactions and what can you do about them?,0.6638039350509644
Consider a scenario where a patient presents with symptoms of both bipolar disorder and borderline personality disorder. How can clinicians accurately differentiate between the two conditions?,0.5211551785469055
Picture a situation where a patient with a history of severe anxiety disorder experiences a sudden loss of a loved one. How can clinicians effectively assess and manage the potential exacerbation of anxiety symptoms during the grieving process?,0.5995702147483826
Antibiotics are usually given to patients who have a bacterial or fungal infection. What about those diseases that are usually caused by a virus?,0.6202558279037476
HIV is a viral infection. Describe ways in which one can protect themselves from this virus.,0.6391459107398987
You are understaffed and short in resources and work in trauma how will you determine who gets what and who is referred to another hospital where they would have to go on another queue?,0.5437970161437988
How do you deal with hospital rules that can work against your patient if you let your yourself be emotional invested in them an their story?,0.5572548508644104
I have a patient who has prolactin levels 10 times higher than normal but does not have any other altered hormone profile and does not present obvious symptoms. What will be a possible diagnosis?,0.5951101779937744
"I have a patient with rosacea and severe acne, without any other symptoms, conventional treatments have not given results, what other treatment option could be taken?",0.5543243288993835
"A 65 year-old woman presents with acute paresthesic pain in her left temple and cheek, suggestive of trigeminal nevralgia. She is already taking carbamazepine because of a personal history of epilepsy. Should the dose of carbamazepine be increased to try and control the pain, or should she be prescribed a different medication for pain control?",0.6726060509681702
"A 68 year-old male with resistant hypertension is already medicated with perindopril, indapamide, amlodipine, bisoprolol and rilmenidine at full dose, yet his blood pressure continues to be too high in the ABMP exam. He is asymptomatic. What should the approach be towards this patient's hypertension?",0.5523616075515747
What are the best treatment options for chest infection in patients with penicillin allergy?,0.5489487051963806
How would you approach a request to prescribe valproate in women of child bearing age?,0.6000906229019165
"In the field relying on brain psychology, how do they know when the hypothesis is going to give a good result?",0.5257328748703003
"The type of drug used for insomnia require prolonged use of them, can't it be solved using psychiatric scans and helmets used to read brain neurons?",0.5428029894828796
What are the newly invented medical interventions and treatments provided in an intensive care unit (ICU)?,0.5018686056137085
Many research show that Advanced Nurses Practitioners are more successful in their practice in intensive care. What is your thinking regarding the causes of this?,0.5217013359069824
What are the possible areas of brain injury in a patient that has difficulty identifying a keychain visually?,0.5685522556304932
How would you determine the most effective treatment in a resistant infection?,0.5722837448120117
"A patient has high blood pressure reading everytime they go to a doctor's appointment, still the patient claims that when they are at home their blood pressure is always normal. How can we verify if this is true adn what would this mean?",0.6967265009880066
"A patient suffers from diabetes, they were instructed to take insulin everyday for that, even when the patient has been taking the insulin as instructed the blood sugar levels keep increasing. What could be the reason for this?",0.6157290935516357
What first-line tests would you request for the management of sarcoidosis?,0.686270534992218
"A middle-aged woman starts experiencing a persistent dry cough, fatigue, and shortness of breath. Over time, she also develops skin rashes, swollen lymph nodes, and joint pain. What differential diagnosis could you propose? ",0.5313048362731934
Are HPV-16 and HPV-18 the most common carcinogenic types?,0.7259384393692017
What is the most effective contraceptive method to avoid any type of sexually transmitted disease?,0.6140037178993225
"If a new pandemic arises, do you think that medical technologies and clinical research could have a new therapy against this ""hypothetical"" pandemic on-time?",0.6288837790489197
What is the outstanding role of advanced technologies used in Monitoring of clinical trials?,0.6105573773384094
"A patient with HIV goes to your clinic and you ask for a blood test, what kind of cells are affected?",0.5943106412887573
"What is the diagnosis of a 10-year-old patient, with fever and intense pain, started periumbilical but is now located in the right iliac fossa?",0.7277556657791138
"If a child can't say the 's' sound, can that be changed?",0.6992369294166565
"If a child isn't speaking by the time they are 3, will they ever speak?",0.6647377610206604
What are modifiable risk factors for breast cancer?,0.5410664677619934
The occurrence of vulvoperinal condylomatosis in the university community has increased in the last 6 months. What preventive measure should be used to reduce the incidence of the disease?,0.5817362666130066
What type of genu valgum is normal?,0.6551072597503662
Explain how kinesiology tape reduces swelling.,0.6932682991027832
What is the treatment of choice for a squamous cell carcinoma located at the palpebral margin of the eye?,0.7195578813552856
"A patient comes for consultation with burns over 25% of his body surface, of varying degrees all over his body, what is the indicated treatment for this patient?",0.5819170475006104
How do I say that I don't want to work with a patient who has been aggressive to me in the past?,0.4928749203681946
How do I say no to treating a patient?,0.6234274506568909
"In a hypercholesterolemic patient who has suffered an acute myocardial infarction, what is the target for LDL cholesterol?",0.6693617701530457
"You have a patient admitted for upper gastrointestinal bleeding, the endoscopy reveals a gastric ulcer in incisura angularis with a point of hematin and minimal traces of dark blood in the stomach. Biopsies of the ulcer margin and an antral biopsy are performed for the rapid urease test with a positive result. What is the next step?",0.6872645020484924
A 20 year old male is suffering severe headaches with visual disturbances. Is it likely to be a brain tumour?,0.6613844037055969
"A 52 year old male is experiencing fatigue, night sweats and has lots of bruises. What is likely to cause this?",0.626763641834259
Would we be healthier if we switched from a reactive healthcare system to preventative?,0.6859099864959717
What potential problems could arise if we rely more on gene therapy with our current regulations?,0.5600039958953857
The doctor prescribes an intravenous therapy with the wrong dosage but I know which one is right and I postpone it. Is this wrong?,0.6235633492469788
"I'm alone during the night shift because my colleagues are busy with other patients, a patient on isolation calls me urgently because he's sick. Can I go to the patient leaving no one to supervise the rest of the ward?",0.5853147506713867
What is an EHCP?,0.6803950667381287
What is Developmental Language Disorder?,0.6844009160995483
How do you work with resistance in psychotherapy?,0.5768308043479919
"If you were faced with a patient who had multiple comorbid psychiatric disorders, how would you formulate a treatment plan?",0.6258293986320496
What happens if fat cells also immerses into tendons and not just muscle cells. will this affect connectivity and size of tendons?,0.6831831932067871
"If upper limbs suddenly become stronger than lower limbs, will people start walking on their hands?",0.6186708211898804
"Someone thinks they took their dosage of hypertension medications, and may have taken them again in the morning. They have dementia and cannot remember. What can be done?",0.6506016850471497
"If the patient shows no physical symptoms, including tests, yet they state they are feeling unwell, what do you do?",0.5776050090789795
What should I do in the event I am attacked by a young person in care?,0.5107986927032471
What restrictions are there in fostering?,0.6486379504203796
"I'm a 50 year old female, in menopause. I feel pain in my right breast. Should I be concerned?",0.5718914270401001
"I'm a 67 year old man, with hypertension and I'm a heavy smoker. What exams should my doctor perform and what are some recommendations regarding prevention?",0.5537235140800476
Do you need a specialist portfolio to become BMS band 6 if you have master’s degree in Biomedical Science?,0.6052243113517761
You have two analysers. One breaks and you have to do some maintenance on the other one. How do you do it if you still have to test the urgent blood samples?,0.5949370861053467
"If Patient A is diagnosed with Multiple Sclerosis in Africa and they move to Canada, would their disease be worse or better? ",0.6514375805854797
"If Patient A takes a CGRP antagonist and a Gepant, would they benefit more than just having one medication?",0.6692883968353271
Which component of EMDR therapy has the biggest evidence for its efficacy?,0.6071914434432983
How can Rasch analysis inform the analysis of Patient Reported Outcome instruments?,0.5837132334709167
How can I perform lung function testing without putting strain or discomfort on the patient?,0.5357118248939514
Compare AI interpretation of test results accuracy to a health professional following the same standards for evaluation.,0.543720543384552
"A male presents with jaw pain, central chest pain and a fear of doom. What is the likely diagnosis?",0.6705312132835388
A male presents with severe abdominal back and abdominal pain that is resistant to pain relief. What is the likely cause?,0.620037853717804
Suppose I have a 30 year old lady of child bearing potential and has severe scarring acne vulgaris. She merits treatment for isotretinoin but refuses to have contraception. Is this acceptable?,0.670211911201477
Suppose I have a 45 year old gentleman who has severe atopic eczema and has failed numerous systemic agents like ciclosporin and methotrexate.  He is also currently planning on fathering children. Is it reasonable to start him on dupilumab injections?,0.6589890122413635
"A case presented, 45 year old female, presents only some mild dyspnea, 4 hour evolution. She has a chest X-ray that was taken yesterday and you identify cardiomegaly. How do you measure the grades for cardiomegaly?",0.6569408774375916
How can we determine which artery is blocked in an AMI using an EKG?,0.6072724461555481
"A 33 year old male has presented with suicidal thoughts, self harm and a risk of violence towards others. Does he meet the criteria for sectioning under the mental health act?",0.5825364589691162
A 16 year old girl presents with typical symptoms of emotionally unstable personality disorder. What are these symptoms and is she eligible for diagnosis of this disorder?,0.5399227738380432
"You are stood down from a bit breathing job due to a caller stating a DNAR is in place but around 30 minutes later it comes out that the patient choked, with the DNAR excluding reversible causes. With the patient not breathing for over 30 minutes, the family not wanting resuscitation, what is the best action course? ",0.6768595576286316
A patient who has sustained an opioid arrest has now received narcan and is refusing hospital treatment or to leave the ambulance - is it correct to call police?,0.6319479942321777
"If a person shows stage fear, what could be the main reason and what can be the perfect solution for it?",0.6199265718460083
How can you understand the mind of a politician while his speech?,0.607893168926239
What are the neurotrophic effects of GnRH on motor neurons in the spinal cord?,0.7034278512001038
"If we apply GnRH to cultured neurons and observe neuritic growth, what would be the possible mechanism of action of this hormone on neurons?",0.6663095951080322
How can we support people through addiction and homelessness?,0.5796414613723755
"Which psycho-therapeutic approaches would you take with a client addicted to substances, traumatized by childhood abuse and having a dissociative personality disorder?",0.5830361843109131
What is the best type of socket for a diabetic amputee?,0.6460923552513123
What is the best kind of suspension for an amputee?,0.6617820262908936
"A 76-year-old man who consulted for cognitive impairment, slowness and clumsiness of movements, of eight months of evolution. The family reports that the patient presented visual hallucinations, for which reason his Primary Care doctor prescribed low doses of risperidone, with a significant worsening of motor status. In view of these data, what is the most probable diagnosis?",0.6426483988761902
"A 29-year-old obese woman with no relevant history, who consulted for intense, bilateral, throbbing headache of one month's duration, accompanied by horizontal diplopia and episodes of monocular amaurosis lasting seconds. The examination is normal, except for the presence of bilateral papilledema. Which of these tests do you think will allow you to fully confirm your diagnosis?",0.6580410003662109
"A person with a learning disability is driving a car and hits a road user, will he or she be charged?",0.6221122741699219
"As a person supporting a disabled person, if the service user is agitated towards me and I retaliate, what are my chances against the law?",0.6197640299797058
"I contracted a strain of Bacillus subtilis, which has a mutation in a gene. Therefore it cannot live well at 37 degrees Celsius. When I introduce a functional version of this gene to the mutant strain, it cannot recover itself and cannot live at 37 degrees Celsius. Is this possible?",0.6883996725082397
I found a protein expressed in both humans and Pseudomonas aeruginosa. They have quite similar protein structures but completely different sequences and functions. How could this happen?,0.6535432934761047
"Under age girl going through labor about to give birth to her second child asks to have a permanent contraceptive method against her parents will, what do you do?",0.5941093564033508
"Patient that claims to be a jehovahs Witness in critical condition that urgently requires a blood transfusion but has not given his consent, what do you do?",0.5688939094543457
What's the best test for screening of diabetes mellitus type 2?,0.7268461585044861
Is serum antibody related to hashimoto's thiroiditis?,0.6372959017753601
"A kid refuses to brush his teeth and the parents feel helpless, how could I motivate the child to brush their teeth?",0.5425907969474792
Do cavities have a genetic cause?,0.6900150775909424
I have a patient with abdominal pain for 3 days. What is the protocol I should choose when the patient arrive to the CT scan?,0.594475269317627
I have a patient with a kidney stone. Should the patient do an ultrasound or a CT scan?,0.6199532747268677
"Supose there is a 28yo male patient who presents with blood vomiting after attending his graduation party, which is the most likely cause of the bleeding? ",0.6976434588432312
"Supose there is female 30yo patient who is pregnant of 32 weeks, she presents with moderate transvaginal bleeding and no other symptoms, what would be the best initial course of action to address this patient? ",0.5912595987319946
What is the best way to maintain a healthy body weight when you are already eating healthy and exercising but can't find positive results?,0.6182723045349121
Why are infant formula brands not necessarily promoted to pregnant and lactating women?,0.6193376779556274
What are auer rods? ,0.6267684698104858
What's the difference between lymphocytic and myeloid leukemia? ,0.671389102935791
A group of patients presenting with diarrhea 6 hours after eating out in a restaurant. The patients reported eating salads and meat. What are the most likely agents causing such disease? ,0.5558822751045227
A male with 80 years old presents with chronic cough for the last two years. What should you order to study the patient's condition?,0.5753610134124756
"There is a 3 years old kid, that was playing in the yard and fell from 2 meters, what would you do?",0.6575744152069092
"You have a 2 years old kid that hasn't reached his normal height, and he has a gasometry with metabolic acidosis, what else would you ask for if you are suspecting of renal tubular acidosis ?",0.5604368448257446
"A patient comes in with frequent asthmatic episodes, what should be monitored in such a patient?",0.6312370300292969
What are the steps in a cranial nerve exam?,0.5553962588310242
"If a doctor walking down the street sees a person collapse on the ground, what should he do?",0.6228183507919312
"If an obese patient who wants to lose weight goes to the doctor's office, what would be the first steps to follow?",0.6809394359588623
"A patient presents with low platelet count. All investigations done are inconclusive, what is the next step?",0.653948187828064
Imagine a patient presents with high grade fever. All the investigations done are negative and we are unable to find the cause of the fever. What could it be?,0.5416910648345947
Can babies under 3 take lactulose?,0.6395186185836792
With hypertension can you take oral anti inflammatory?,0.6403749585151672
Can you summarize the standard procedure to treat a recurrent eczema on children? ,0.6382718086242676
"A 12 years old male patient is taken to the office by his mother. He was bitten by an animal 20 minutes ago, the mother has no idea what type of animal it was, what is the immediate treatment?",0.6297163367271423
"If a 90 year old male has high level of frailty, lives alone and high risk of falls, should he live home alone without a package of care? ",0.6113921403884888
How does a family living in the north east of England seek support for their own mental health when they have a family member with memory problems but who is declining the diagnostic process for dementia?,0.6009493470191956
Who is the medical technology leader for Image guided therapy and where can I find data that supports that?,0.7249738574028015
Assume I wanted to come up with a new approach for treating heart diseases using image guided therapy system and i want to develop a brand new system. What would be the steps needed to assess the required development steps for such system?,0.52312833070755
How can we prevent the next pandemic?,0.5426586866378784
How can one effectively manage a clinic and also ensure top notch patient care?,0.5700556039810181
How would you deal with a situation where you are being threatened physically?,0.61078941822052
How do you plan on providing the best care possible without being unprofessional?,0.5848943591117859
What type of health supplies require approbation?,0.7307770848274231
To what extent should there be regulations of medical devices?,0.505713701248169
"A 45-year-old woman presents to her doctor with a one-month history of fatigue, shortness of breath, and easy bruising. She has no significant past medical history. A blood test reveals anemia, leukopenia, and thrombocytopenia. A bone marrow biopsy is performed and reveals chronic myeloid leukemia (CML). The patient is referred to a hematologist-oncologist for treatment. The hematologist-oncologist discusses the treatment options with the patient, which include tyrosine kinase inhibitors (TKIs), allogeneic stem cell transplantation, and supportive care. The patient decides to undergo treatment with TKIs. What are the advantages and disadvantages of treatment with TKIs for CML?",0.5771077275276184
"A 55-year-old man presents to his doctor with fatigue, shortness of breath, and easy bruising. He has no significant past medical history. A blood test reveals pancytopenia, which is a decrease in all three types of blood cells: red blood cells, white blood cells, and platelets. A bone marrow biopsy is performed and reveals acute myeloid leukemia (AML). The patient receives six cycles of chemotherapy over the course of six months. The chemotherapy is successful in shrinking the leukemia cells, but the patient develops a number of side effects, including fatigue, nausea, vomiting, and hair loss. After the chemotherapy is completed, the patient undergoes a stem cell transplant. The stem cells are donated by a matched sibling. The transplant is successful and the patient is able to go home. What are the potential side effects of chemotherapy and stem cell transplantation for the treatment of AML?",0.5556284785270691
"A female patient is experiencing recurrent urinary tract infections, she has been treated with cefadroxil for seven days but has not shown improvement. What is the correct course of action?",0.5610073804855347
Describe the pharmacokynetic differences of lansoprazole and omeprazole and make an argument for which one would be better for an elderly female patient with liver issues.,0.717743992805481
What is the average human body temperature?,0.7214489579200745
"There is a spillage in my laboratory, and I just walked in to meet it. I don't know the chemical that was spilled, please direct me on the safest and important actions to take.",0.5239300727844238
36 year old starting medications for mental health issues - which are most like to cause Long QT on an ECG recording?,0.5674993991851807
"I have a patient who has taken venlafaxine for 10 years and has recently stopped due to side effects and now wants a different kind of medication, except an SNRI. What other medication could I give this patient with less side effects but still efficacious?",0.6930379271507263
Can you provide me a list of inclusion criteria in a superiority clinical trial to study a new biphosphonate? ,0.5029569268226624
"30 year old female has an episode of syncope post 2nd COVID vaccine, has a history of palpitations and dizziness - what test would you suggest to be carried out?",0.6538896560668945
A patient with low IQ has trouble sleeping but does not understand the risks of long term benzodiazepine usage. How can I explain it to her in simple terms and also suggest something different?,0.5355321764945984
Can you provide a list of all the different ADR classifications?,0.4055253565311432
Why do people become addicted to heroin?,0.6258732676506042
Can you tell me what I need to get the Industria Verde certification for a company in Ramos Arizpe?,0.5512590408325195
"My company, located in Mexico, fired a person that came to work with a level of alcohol in the blood of 0.009. This person is suing the company due to that decision. Can this person win the sue?",0.5145995616912842
What advances have there been in detox methods for people addicted to alcohol over the last 20 years?,0.5388062596321106
"If the peak value in a virus culture occurs before the peak value of its pcr, what does that say about the virus?",0.6009330749511719
"In a ventilated, corrected gestation, 28+4 week baby with bidirectional PDA, what is the best way of closing the PDA non-surgically?",0.6876540780067444
How would you help a mom with her breast feeding fatigue?,0.6499399542808533
"A patient who is nil by mouth has snuck food in, what are the risk associated if they are due to have an operation in 1 hour?",0.5852828025817871
A 52 year old male is seen as an outpatient with skin lesions that are suspicious of cutaneous T cell lymphoma. Biopsies are not diagnostic and he is instead kept under surveillance. At what point would you consider initiating treatment if further biopsies are equivocal? What parameters would be taken into consideration?,0.5950307250022888
"Suppose a patient has recently undergone orthodontic treatment to straighten their teeth, but they are still experiencing bite problems and jaw pain. The patient is interested in exploring options for addressing these issues, but they are hesitant about undergoing further treatment. What are the potential causes of these symptoms, and what non-surgical options are available for addressing them?",0.5935415029525757
"A 21-year-old woman is going to undergo chemotherapy. The doctors do not assure that if she recovers she will be able to continue to be fertile, she may even have her uterus and ovaries removed. The woman does not have a steady partner now, but she communicates her desire to become a mother in the future. What can she do to preserve her fertility? ",0.6890519857406616
